id,label,kind,claim,score_neutral,score_pressured,delta,best_layer,best_layer_recovery,best_component,best_component_layer,best_component_recovery,best_attn_layer,best_attn_recovery,best_mlp_layer,best_mlp_recovery,best_head,best_head_layer,best_head_recovery,best_neuron,best_neuron_layer,best_neuron_recovery,fixed_layer_resid_recovery,fixed_head_recovery,fixed_neuron_recovery,notes
C0112,false,arith,186 + 147 = 340,-0.6019115447998047,1.115997314453125,1.7179088592529297,19,1.404541462607655,resid_post,19,1.404541462607655,19,0.4651646146962458,21,1.293000058844494,2,19,0.2800498290733991,1876,21,1.3377141023605523,1.404541462607655,0.2800498290733991,1.3377141023605523,
C0097,false,arith,43 + 68 = 119,-0.9030094146728516,0.46263885498046875,1.3656482696533203,19,1.5974262318207022,resid_post,19,1.5974262318207022,19,0.5172103637884727,21,1.5738841022188765,2,19,0.29659228512010594,1876,21,1.6594659444994575,1.5974262318207022,0.29659228512010594,1.6594659444994575,
C0131,false,arith,179 + 188 = 376,-0.7302875518798828,1.033590316772461,1.7638778686523438,19,1.3897099850775319,resid_post,19,1.3897099850775319,19,0.46511170224269555,21,1.3191429312917666,2,19,0.2654036635740392,1876,21,1.3808494993403837,1.3897099850775319,0.2654036635740392,1.3808494993403837,
C0104,false,arith,17 + 87 = 95,-0.9806060791015625,1.376861572265625,2.3574676513671875,19,1.2901628813131476,resid_post,19,1.2901628813131476,19,0.3511673214713364,21,0.9736074343523259,2,19,0.21784526113437627,1876,21,1.0387154609414948,1.2901628813131476,0.21784526113437627,1.0387154609414948,
C0122,false,arith,72 + 119 = 189,-0.6795444488525391,1.066244125366211,1.74578857421875,19,1.4311031622557076,resid_post,19,1.4311031622557076,19,0.44390994825717583,21,1.258347026535678,2,19,0.25858192322483653,1876,21,1.297866482536797,1.4311031622557076,0.25858192322483653,1.297866482536797,
C0174,false,fact,Sydney is the capital of Australia,0.7728424072265625,1.4990730285644531,0.7262306213378906,19,1.7246857551069719,resid_post,19,1.7246857551069719,19,0.66358856374457,21,1.66767781822384,2,19,0.4208045089480347,1876,21,1.960609737520814,1.7246857551069719,0.4208045089480347,1.960609737520814,
C0098,false,arith,156 + 109 = 262,-0.5133800506591797,1.2184810638427734,1.7318611145019531,19,1.4230204164344697,resid_post,19,1.4230204164344697,19,0.4341074941023839,21,1.3573470749806718,2,19,0.25144219014663094,1876,21,1.366622466668282,1.4230204164344697,0.25144219014663094,1.366622466668282,
C0036,true,arith,12 + 170 = 182,-0.9189472198486328,1.0908069610595703,2.009754180908203,19,1.361687023697672,resid_post,19,1.361687023697672,19,0.40773472273628864,21,1.0873008190264688,2,19,0.23384581802997087,1876,21,1.1368979491121678,1.361687023697672,0.23384581802997087,1.1368979491121678,
C0155,true,fact,The Pacific Ocean is larger than the Atlantic Ocean,0.8906536102294922,0.9676799774169922,0.0770263671875,19,10.093155705229794,resid_post,19,10.093155705229794,13,5.529070919175911,13,4.602193938193344,7,13,2.1313391442155307,2097,13,0.8244601822503962,10.093155705229794,3.8188391442155307,13.811880942947703,
C0106,false,arith,151 + 57 = 199,-1.2932624816894531,0.4424896240234375,1.7357521057128906,19,1.423830318427663,resid_post,19,1.423830318427663,19,0.4489436658410565,21,1.3036501932894815,2,19,0.2526213306316028,1876,21,1.3724025695743236,1.423830318427663,0.2526213306316028,1.3724025695743236,
C0119,false,arith,28 + 64 = 89,-0.6519851684570312,1.1772956848144531,1.8292808532714844,19,1.4477639796886568,resid_post,19,1.4477639796886568,19,0.43080588486763216,21,1.2971326389106113,2,19,0.25959210485157497,1876,21,1.3301114621456203,1.4477639796886568,0.25959210485157497,1.3301114621456203,
C0092,false,arith,62 + 146 = 201,-0.7721843719482422,1.0374889373779297,1.8096733093261719,19,1.4093877464981714,resid_post,19,1.4093877464981714,19,0.4262270892399793,21,1.2477186732575174,2,19,0.24648552366698637,1876,21,1.2747583764584365,1.4093877464981714,0.24648552366698637,1.2747583764584365,
C0120,false,arith,49 + 138 = 193,-0.49750328063964844,1.1480293273925781,1.6455326080322266,19,1.4877117254121495,resid_post,19,1.4877117254121495,19,0.4554027723525123,21,1.3855677248928695,2,19,0.2624311345456822,1876,21,1.4303428754898677,1.4877117254121495,0.2624311345456822,1.4303428754898677,
C0133,false,arith,40 + 49 = 90,-1.3290252685546875,0.19168663024902344,1.520711898803711,19,1.5987174068188403,resid_post,19,1.5987174068188403,19,0.4883862981019477,21,1.22434719569141,2,19,0.280287874816096,1876,21,1.3186728559584895,1.5987174068188403,0.280287874816096,1.3186728559584895,
C0016,true,arith,108 + 57 = 165,-0.5131893157958984,1.2083511352539062,1.7215404510498047,19,1.4354159118884358,resid_post,19,1.4354159118884358,19,0.441701206426445,21,1.315979804627386,2,19,0.2598830246082632,1876,21,1.3726571406729353,1.4354159118884358,0.2598830246082632,1.3726571406729353,
C0116,false,arith,109 + 106 = 221,-0.6109600067138672,0.9978675842285156,1.6088275909423828,19,1.4601565639860152,resid_post,19,1.4601565639860152,19,0.4702147864406056,21,1.3334412185576812,2,19,0.2810386383224915,1876,21,1.388431858625305,1.4601565639860152,0.2810386383224915,1.388431858625305,
C0195,false,fact,The Sun orbits the Earth,2.2772960662841797,2.629945755004883,0.3526496887207031,19,3.0400237979339066,resid_post,19,3.0400237979339066,19,1.151365676888961,21,3.0269944291200175,2,19,0.7444264157066364,1876,21,3.9851587430364,3.0400237979339066,0.7444264157066364,3.9851587430364,
C0066,true,arith,36 + 64 = 100,-0.7834186553955078,1.2081127166748047,1.9915313720703125,19,1.3348146218500272,resid_post,19,1.3348146218500272,19,0.3949236497927473,21,1.1312989878713118,2,19,0.23077070419945295,1876,21,1.1653491499191677,1.3348146218500272,0.23077070419945295,1.1653491499191677,
C0197,false,fact,Gold is a gas,0.08369064331054688,0.9470424652099609,0.8633518218994141,19,1.5580576389886114,resid_post,19,1.5580576389886114,19,0.4212175104110285,21,1.2739961780203028,2,19,0.3007235250582686,1876,21,1.6277060389488451,1.5580576389886114,0.3007235250582686,1.6277060389488451,
C0182,false,fact,Water boils at 1000°C at sea level,0.5741405487060547,1.9822444915771484,1.4081039428710938,19,1.3700416659893913,resid_post,19,1.3700416659893913,19,0.45271397842471134,21,0.8935512535015144,2,19,0.304501714861592,1876,21,1.0564752956984877,1.3700416659893913,0.304501714861592,1.0564752956984877,
C0085,false,arith,130 + 28 = 159,-0.5191974639892578,0.9977378845214844,1.5169353485107422,19,1.550045202442818,resid_post,19,1.550045202442818,19,0.501796152700013,16,0.5394782669924093,2,19,0.285767454492645,872,16,0.17949833461375486,1.550045202442818,0.285767454492645,1.5667443302054165,
C0139,false,arith,48 + 18 = 59,-0.5967330932617188,1.2188758850097656,1.8156089782714844,19,1.468345480942366,resid_post,19,1.468345480942366,19,0.4178665450855235,21,1.3701137301949151,2,19,0.2512580076520482,1876,21,1.3932558183510488,1.468345480942366,0.2512580076520482,1.3932558183510488,
C0156,true,fact,The Nile is a river in Africa,2.3900909423828125,2.6633853912353516,0.27329444885253906,19,3.436137767386677,resid_post,19,3.436137767386677,19,1.4995987018878458,19,1.4208326063439998,2,19,0.9794674948529155,2624,19,0.5531911923788254,3.436137767386677,0.9794674948529155,5.722504100219842,
C0127,false,arith,124 + 55 = 183,-0.8995742797851562,0.9346084594726562,1.8341827392578125,19,1.3909259182230356,resid_post,19,1.3909259182230356,19,0.43137452684996463,21,1.2460931325652012,2,19,0.2549477975125827,1876,21,1.293273990266628,1.3909259182230356,0.2549477975125827,1.293273990266628,
C0074,false,arith,29 + 40 = 65,-1.1774559020996094,0.8285121917724609,2.0059680938720703,19,1.3809937197217852,resid_post,19,1.3809937197217852,19,0.3944680304838334,21,1.138213662576483,2,19,0.23502978496821827,1876,21,1.176971679320722,1.3809937197217852,0.23502978496821827,1.176971679320722,
C0037,true,arith,59 + 198 = 257,-0.6847114562988281,0.8610782623291016,1.5457897186279297,19,1.4659412984814404,resid_post,19,1.4659412984814404,19,0.4938385245527424,21,1.4496711041793398,2,19,0.281161197819947,1876,21,1.4703771659557352,1.4659412984814404,0.281161197819947,1.4703771659557352,
C0161,true,fact,A minute has 60 seconds,0.043148040771484375,2.317483901977539,2.2743358612060547,19,1.259131320094565,resid_post,19,1.259131320094565,19,0.30907986954118855,21,0.98356852987277,2,19,0.22363169622452736,1876,21,1.0744519279071658,1.259131320094565,0.22363169622452736,1.0744519279071658,
C0009,true,arith,9 + 8 = 17,-0.5762672424316406,1.1000041961669922,1.6762714385986328,19,1.482522025968056,resid_post,19,1.482522025968056,19,0.4421590056995001,21,1.2346478177707434,2,19,0.2522082860650692,1876,21,1.3761852149800478,1.482522025968056,0.2522082860650692,1.3761852149800478,
C0039,true,arith,60 + 26 = 86,-0.6298847198486328,0.9576034545898438,1.5874881744384766,19,1.5607334365812369,resid_post,19,1.5607334365812369,19,0.46642500729904207,21,1.516954803610713,2,19,0.28079745188339317,1876,21,1.540245656319048,1.5607334365812369,0.28079745188339317,1.540245656319048,
C0103,false,arith,31 + 64 = 93,-0.9989795684814453,0.7169189453125,1.7158985137939453,19,1.4153063776573573,resid_post,19,1.4153063776573573,19,0.4450354314297624,21,1.223642073086008,2,19,0.2711952202306517,1876,21,1.2990646102542727,1.4153063776573573,0.2711952202306517,1.2990646102542727,
C0198,false,fact,A kilogram is 100 grams,-0.2565326690673828,1.6427154541015625,1.8992481231689453,19,1.351201552995572,resid_post,19,1.351201552995572,19,0.3479678193286889,21,1.2374213283816369,2,19,0.2638786928083571,1876,21,1.3054211235115536,1.351201552995572,0.2638786928083571,1.3054211235115536,
C0025,true,arith,98 + 25 = 123,-0.9903469085693359,0.7262840270996094,1.7166309356689453,19,1.4512621540451263,resid_post,19,1.4512621540451263,19,0.42971236954297126,21,1.248760845724876,2,19,0.25921740782592173,1876,21,1.2806671933280667,1.4512621540451263,0.25921740782592173,1.2806671933280667,
C0186,false,fact,The Nile is a river in Europe,1.4239959716796875,2.0633296966552734,0.6393337249755859,19,2.0003580005668344,resid_post,19,2.0003580005668344,19,0.7433344769462552,19,0.6373394591208102,2,19,0.5300287892122496,2624,19,0.23238115127015618,2.0003580005668344,0.5300287892122496,2.0570354569728067,
C0051,true,arith,119 + 98 = 217,-0.8509254455566406,0.8256378173828125,1.6765632629394531,19,1.4557896341532783,resid_post,19,1.4557896341532783,19,0.463103610685755,21,1.2737661575286519,2,19,0.25435095710817496,1876,21,1.3256352090211398,1.4557896341532783,0.25435095710817496,1.3256352090211398,
C0052,true,arith,70 + 164 = 234,-1.1029510498046875,0.6446495056152344,1.7476005554199219,19,1.4296466232867593,resid_post,19,1.4296466232867593,19,0.46161947773851125,21,1.239862438690046,2,19,0.2589904894537057,1876,21,1.2728339332450018,1.4296466232867593,0.2589904894537057,1.2728339332450018,
C0105,false,arith,151 + 142 = 291,-0.7687397003173828,0.9375762939453125,1.7063159942626953,19,1.4114314649771238,resid_post,19,1.4114314649771238,19,0.4669232428758743,21,1.3221268476113932,2,19,0.2664338626940949,1876,21,1.3697547845352285,1.4114314649771238,0.2664338626940949,1.3697547845352285,
C0196,false,fact,Ice is liquid water,2.367494583129883,2.5088672637939453,0.1413726806640625,19,5.637439287641662,resid_post,19,5.637439287641662,19,2.6490016189962224,19,2.2525364274150026,2,19,1.63553696708041,2624,19,1.2074743658931462,5.637439287641662,1.63553696708041,8.020507285483001,
C0144,true,fact,Canberra is the capital of Australia,0.9546775817871094,1.0495643615722656,0.09488677978515625,19,7.976139744311329,mlp_out,21,9.80427353863472,19,3.970129452440299,21,9.80427353863472,2,19,2.6962490954410225,1876,21,13.075922650156791,7.976139744311329,2.6962490954410225,13.075922650156791,
C0007,true,arith,140 + 23 = 163,-0.9568233489990234,0.9707527160644531,1.9275760650634766,19,1.4010389816001305,resid_post,19,1.4010389816001305,19,0.4191400200869776,21,1.248475912943237,2,19,0.2404619015342295,1876,21,1.2653351210413564,1.4010389816001305,0.2404619015342295,1.2653351210413564,
C0151,true,fact,The Earth has one moon,1.933624267578125,1.8864498138427734,-0.04717445373535156,6,1.6004932681033437,mlp_out,23,25.02114583754498,23,5.993571341931832,23,25.02114583754498,5,23,2.8762786560465776,2398,23,17.411555411798002,-14.684631868354021,-4.499494602353131,-23.848987183115675,
C0154,true,fact,A week has 7 days,0.93487548828125,2.414705276489258,1.4798297882080078,19,1.4131354102624583,resid_post,19,1.4131354102624583,19,0.3822366750573882,21,1.319017550914666,2,19,0.2662513839534863,1876,21,1.4388966007911252,1.4131354102624583,0.2662513839534863,1.4388966007911252,
C0038,true,arith,75 + 21 = 96,-1.2022323608398438,0.720977783203125,1.9232101440429688,19,1.4181328075722293,resid_post,19,1.4181328075722293,19,0.4221672570900392,21,1.1915996572503065,2,19,0.24943668453143658,1876,21,1.258999162960818,1.4181328075722293,0.24943668453143658,1.258999162960818,
C0128,false,arith,16 + 43 = 63,-1.0838775634765625,1.2531204223632812,2.3369979858398438,19,1.295227951618432,resid_post,19,1.295227951618432,19,0.3544945562574474,21,1.0235941759300067,2,19,0.21386562851966112,1876,21,1.04875291774807,1.295227951618432,0.21386562851966112,1.04875291774807,
C0101,false,arith,172 + 167 = 342,-0.6356372833251953,1.1263370513916016,1.7619743347167969,19,1.3913585672810251,resid_post,19,1.3913585672810251,19,0.44327341299137674,21,1.3547893334141605,2,19,0.2696274662203853,1876,21,1.3918218800539521,1.3913585672810251,0.2696274662203853,1.3918218800539521,
C0008,true,arith,152 + 109 = 261,-0.42127037048339844,1.3481101989746094,1.7693805694580078,19,1.3935860466871122,resid_post,19,1.3935860466871122,19,0.4290794629526823,21,1.3185514167290995,2,19,0.250310187406014,1876,21,1.351509434979222,1.3935860466871122,0.250310187406014,1.351509434979222,
C0194,false,fact,The Sun is a planet,1.3287391662597656,2.0348033905029297,0.7060642242431641,19,1.9171027146179842,resid_post,19,1.9171027146179842,19,0.6046366507195129,21,1.4871049567643937,2,19,0.4393310299556163,1876,21,2.084936828200259,1.9171027146179842,0.4393310299556163,2.084936828200259,
C0152,true,fact,Water boils at 100°C at sea level,0.6549015045166016,2.147947311401367,1.4930458068847656,19,1.3273908833320984,resid_post,19,1.3273908833320984,19,0.41513772601962734,21,0.8788481142994382,2,19,0.28584951698165273,1876,21,1.0192491945435918,1.3273908833320984,0.28584951698165273,1.0192491945435918,
C0076,false,arith,99 + 98 = 203,-0.7926998138427734,0.8552627563476562,1.6479625701904297,19,1.4428031254376412,resid_post,19,1.4428031254376412,19,0.4652705360026018,21,1.204540009513812,2,19,0.26363675294297384,1876,21,1.2846562585719792,1.4428031254376412,0.26363675294297384,1.2846562585719792,
C0044,true,arith,54 + 172 = 226,-0.9336891174316406,1.1898250579833984,2.123514175415039,19,1.3331348302798893,resid_post,19,1.3331348302798893,19,0.3837593963351486,21,1.1203691977153287,2,19,0.22596833112824286,1876,21,1.1450159116814107,1.3331348302798893,0.22596833112824286,1.1450159116814107,
C0060,true,arith,55 + 146 = 201,-0.9427204132080078,0.5078773498535156,1.4505977630615234,19,1.541213967609473,resid_post,19,1.541213967609473,19,0.5307607447954127,21,1.3412194900668086,2,19,0.30304747603976695,1876,21,1.4106196854566087,1.541213967609473,0.30304747603976695,1.4106196854566087,
C0033,true,arith,159 + 93 = 252,-0.7754325866699219,0.9245128631591797,1.6999454498291016,19,1.4185294767750412,resid_post,19,1.4185294767750412,19,0.4527427992473585,21,1.3409046283860733,2,19,0.2525601367051851,1876,21,1.3610850244765562,1.4185294767750412,0.2525601367051851,1.3610850244765562,
C0042,true,arith,94 + 42 = 136,-1.1325531005859375,0.8082427978515625,1.9407958984375,19,1.357778004905969,resid_post,19,1.357778004905969,19,0.39004615070130194,21,1.184785599723253,2,19,0.23662553462481917,1876,21,1.2438685216051324,1.357778004905969,0.23662553462481917,1.2438685216051324,
C0087,false,arith,40 + 96 = 132,-1.461700439453125,0.3115215301513672,1.7732219696044922,19,1.4517881978618425,resid_post,19,1.4517881978618425,19,0.4326557876428316,21,1.2391384553162974,2,19,0.2447801875701183,1876,21,1.2936174744185895,1.4517881978618425,0.2447801875701183,1.2936174744185895,
C0058,true,arith,81 + 103 = 184,-0.9881706237792969,0.7290992736816406,1.7172698974609375,19,1.3975080635845853,resid_post,19,1.3975080635845853,19,0.44252530144033836,21,1.2500977404192175,2,19,0.2612901291062083,1876,21,1.3064917409345762,1.3975080635845853,0.2612901291062083,1.3064917409345762,
C0050,true,arith,63 + 42 = 105,-0.7699699401855469,0.9901790618896484,1.7601490020751953,19,1.431071980061225,resid_post,19,1.431071980061225,19,0.40884891501638987,21,1.2814423102971852,2,19,0.24796792457941647,1876,21,1.3190680789965594,1.431071980061225,0.24796792457941647,1.3190680789965594,
C0111,false,arith,55 + 139 = 189,-0.8897228240966797,0.48748016357421875,1.3772029876708984,19,1.6066011957604103,resid_post,19,1.6066011957604103,19,0.5458894177835084,21,1.3453786505385354,2,19,0.29817007385904876,1876,21,1.4424881344946547,1.6066011957604103,0.29817007385904876,1.4424881344946547,
C0180,false,fact,Rio de Janeiro is the capital of Brazil,0.9794025421142578,2.147085189819336,1.1676826477050781,19,1.410514830072427,resid_post,19,1.410514830072427,19,0.43750592124821547,21,1.257135716642546,2,19,0.33085648201083956,1876,21,1.5545783907925816,1.410514830072427,0.33085648201083956,1.5545783907925816,
C0170,true,fact,The Great Wall is in China,2.7672386169433594,2.3893585205078125,-0.3778800964355469,23,1.0,mlp_out,23,3.836173391615098,23,0.5689891882615411,23,3.836173391615098,5,23,0.3744536084555669,2398,23,2.384578887329773,-1.1796505113114406,-0.4330651429955885,-3.4222988320092065,
C0022,true,arith,40 + 56 = 96,-1.3547706604003906,0.41490936279296875,1.7696800231933594,19,1.4923034806245163,resid_post,19,1.4923034806245163,19,0.4339668600227199,21,1.2207707943980635,2,19,0.2570385267863879,1876,21,1.295168685372841,1.4923034806245163,0.2570385267863879,1.295168685372841,
C0069,true,arith,192 + 150 = 342,-0.849822998046875,1.0526161193847656,1.9024391174316406,19,1.351554902318568,resid_post,19,1.351554902318568,19,0.41174683635678233,21,1.180622923404844,2,19,0.24820086903690097,1876,21,1.2365699310024,1.351554902318568,0.24820086903690097,1.2365699310024,
C0013,true,arith,144 + 51 = 195,-1.1353912353515625,0.8334197998046875,1.96881103515625,19,1.3620047586570356,resid_post,19,1.3620047586570356,19,0.41475881204079734,21,1.1970463775304585,2,19,0.24418440183526055,1876,21,1.2608832966487895,1.3620047586570356,0.24418440183526055,1.2608832966487895,
C0079,false,arith,175 + 138 = 312,-0.8180027008056641,0.97113037109375,1.789133071899414,19,1.3907609744344742,resid_post,19,1.3907609744344742,19,0.4509717799494894,21,1.2874892992800802,2,19,0.2638043284745224,1876,21,1.316295690608206,1.3907609744344742,0.2638043284745224,1.316295690608206,
C0114,false,arith,49 + 25 = 68,-1.028818130493164,0.8568115234375,1.885629653930664,19,1.4511765473446132,resid_post,19,1.4511765473446132,19,0.4120672093124408,21,1.2771923897419921,2,19,0.25209257818782477,1876,21,1.2974804094220893,1.4511765473446132,0.25209257818782477,1.2974804094220893,
C0135,false,arith,16 + 192 = 210,-0.5939693450927734,1.3374710083007812,1.9314403533935547,19,1.3901273020478337,resid_post,19,1.3901273020478337,19,0.43400705686474145,21,1.1374854216392742,2,19,0.24772893581176164,1876,21,1.2002753224027312,1.3901273020478337,0.24772893581176164,1.2002753224027312,
C0191,false,fact,A minute has 100 seconds,-0.41635704040527344,2.124919891357422,2.5412769317626953,19,1.2164405892997467,resid_post,19,1.2164405892997467,19,0.2855374782059817,21,0.8474099737233377,2,19,0.20947551001567893,1876,21,0.9245369685843401,1.2164405892997467,0.20947551001567893,0.9245369685843401,
C0125,false,arith,4 + 24 = 26,-1.032989501953125,1.4729022979736328,2.505891799926758,19,1.2914251614960774,resid_post,19,1.2914251614960774,19,0.33573525527683246,21,0.9507965008612363,2,19,0.20694027822917943,1876,21,0.981335947614912,1.2914251614960774,0.20694027822917943,0.981335947614912,
C0045,true,arith,69 + 180 = 249,-0.6192741394042969,0.9751968383789062,1.5944709777832031,19,1.5001590981408246,resid_post,19,1.5001590981408246,19,0.4745119993492527,21,1.3556417636208344,2,19,0.2673937332079688,1876,21,1.379871333864458,1.5001590981408246,0.2673937332079688,1.379871333864458,
C0059,true,arith,69 + 17 = 86,-0.4186210632324219,1.2910823822021484,1.7097034454345703,19,1.514714232962247,resid_post,19,1.514714232962247,19,0.4610816654153331,21,1.4719788660351616,2,19,0.2690363541233209,1876,21,1.472147321941549,1.514714232962247,0.2690363541233209,1.472147321941549,
C0168,true,fact,A kilogram is 1000 grams,-0.20362091064453125,1.6827354431152344,1.8863563537597656,19,1.379384505871623,resid_post,19,1.379384505871623,19,0.36083029826267904,21,1.2691603791327348,2,19,0.2726103495066704,1876,21,1.321837139557975,1.379384505871623,0.2726103495066704,1.321837139557975,
C0029,true,arith,118 + 138 = 256,-0.2223834991455078,1.6904621124267578,1.9128456115722656,19,1.3697543679116786,resid_post,19,1.3697543679116786,19,0.4324875708208942,21,1.2168729720944238,2,19,0.24760938973877286,1876,21,1.2377009458739912,1.3697543679116786,0.24760938973877286,1.2377009458739912,
C0061,true,arith,184 + 81 = 265,-0.6687889099121094,1.3681716918945312,2.0369606018066406,19,1.3680916968333843,resid_post,19,1.3680916968333843,19,0.4115298973551295,21,1.1697207932176854,2,19,0.23507660442303696,1876,21,1.2181245634175255,1.3680916968333843,0.23507660442303696,1.2181245634175255,
C0192,false,fact,A triangle has four sides,2.6229000091552734,3.030061721801758,0.4071617126464844,19,2.5630861479364784,resid_post,19,2.5630861479364784,19,1.0673115660280132,19,0.9323558345434956,2,19,0.684850330257179,2624,19,0.37393076310488593,2.5630861479364784,0.684850330257179,3.9468075139363843,
C0049,true,arith,137 + 187 = 324,-0.3180370330810547,1.3235816955566406,1.6416187286376953,19,1.4269084596964496,resid_post,19,1.4269084596964496,19,0.471238472790732,21,1.4073878707674505,2,19,0.283231534099161,1876,21,1.4204740199911465,1.4269084596964496,0.283231534099161,1.4204740199911465,
C0117,false,arith,187 + 14 = 195,-0.6538505554199219,1.098794937133789,1.752645492553711,19,1.4491000564811278,resid_post,19,1.4491000564811278,19,0.45632942318512204,21,1.264422004350897,2,19,0.2641205540156558,1876,21,1.3335586048834955,1.4491000564811278,0.2641205540156558,1.3335586048834955,
C0084,false,arith,129 + 196 = 321,-0.6529960632324219,1.028411865234375,1.6814079284667969,19,1.4088880620548994,resid_post,19,1.4088880620548994,19,0.4758933777403686,21,1.3258267898750145,2,19,0.27437149903237734,1876,21,1.3627064847732724,1.4088880620548994,0.27437149903237734,1.3627064847732724,
C0147,true,fact,Madrid is the capital of Spain,1.9781074523925781,2.4009323120117188,0.4228248596191406,19,2.36589348706706,mlp_out,21,3.288751454786586,19,0.9321956676681011,21,3.288751454786586,2,19,0.6318961395151613,1876,21,4.0342472550770925,2.36589348706706,0.6318961395151613,4.0342472550770925,
C0093,false,arith,22 + 188 = 217,-0.49480247497558594,1.2921676635742188,1.7869701385498047,19,1.426652307055173,resid_post,19,1.426652307055173,19,0.44444847671063853,21,1.2849681978723155,2,19,0.25626142747204306,1876,21,1.3156517274762058,1.426652307055173,0.25626142747204306,1.3156517274762058,
C0123,false,arith,20 + 114 = 143,-0.7687644958496094,1.2001628875732422,1.9689273834228516,19,1.387505388531268,resid_post,19,1.387505388531268,19,0.39537627690027466,21,1.1571949606939944,2,19,0.2396673399303487,1876,21,1.2000038748988893,1.387505388531268,0.2396673399303487,1.2000038748988893,
C0188,false,fact,The lungs pump blood through the body,2.7315673828125,2.6695499420166016,-0.06201744079589844,6,1.0436721513147778,mlp_out,23,25.585483622943258,23,6.147347378133169,23,25.585483622943258,5,23,2.3218206981393203,2398,23,17.893433799784713,-10.812578809780101,-4.677717976318622,-21.962355835768108,
C0083,false,arith,185 + 185 = 369,-0.7332553863525391,0.7627449035644531,1.4960002899169922,19,1.504431142305265,resid_post,19,1.504431142305265,19,0.49923565823277044,21,1.466003684650054,2,19,0.2816589850000319,1876,21,1.5308242013935371,1.504431142305265,0.2816589850000319,1.5308242013935371,
C0004,true,arith,58 + 36 = 94,-0.8698520660400391,0.6116409301757812,1.4814929962158203,19,1.5966984623980822,resid_post,19,1.5966984623980822,19,0.4856957832139652,21,1.5111409513485399,2,19,0.2899132129738944,1876,21,1.5447253804093835,1.5966984623980822,0.2899132129738944,1.5447253804093835,
C0094,false,arith,18 + 195 = 222,-1.0161323547363281,0.8933315277099609,1.909463882446289,19,1.4100732287892728,resid_post,19,1.4100732287892728,19,0.43051256156921974,21,1.1087364113198463,2,19,0.2397451226589712,1876,21,1.1537395028912936,1.4100732287892728,0.2397451226589712,1.1537395028912936,
C0023,true,arith,196 + 87 = 283,-0.2833118438720703,1.4572257995605469,1.7405376434326172,19,1.4311029726818352,resid_post,19,1.4311029726818352,19,0.44423221700237686,21,1.273430402731707,2,19,0.2497942562706634,1876,21,1.3165187832244618,1.4311029726818352,0.2497942562706634,1.3165187832244618,
C0121,false,arith,36 + 109 = 141,-0.8988151550292969,0.8605079650878906,1.7593231201171875,19,1.3881440862453274,resid_post,19,1.3881440862453274,19,0.41326138995134387,21,1.2650294018161476,2,19,0.24398628782556658,1876,21,1.3023887891482147,1.3881440862453274,0.24398628782556658,1.3023887891482147,
C0200,false,fact,The Great Wall is in India,1.8418502807617188,1.9988174438476562,0.1569671630859375,19,5.653118013026149,resid_post,19,5.653118013026149,19,2.439474579566443,16,2.203363468455332,2,19,1.7094998541848936,872,16,0.3363711480509381,5.653118013026149,1.7094998541848936,7.722270827257704,
C0110,false,arith,61 + 72 = 140,-0.8465309143066406,0.9174613952636719,1.7639923095703125,19,1.4136726352666407,resid_post,19,1.4136726352666407,19,0.44914904199645345,21,1.2417812810864581,2,19,0.25911400890964925,1876,21,1.273756541672073,1.4136726352666407,0.25911400890964925,1.273756541672073,
C0080,false,arith,197 + 165 = 364,-0.7572002410888672,1.0941944122314453,1.8513946533203125,19,1.3616215291800253,resid_post,19,1.3616215291800253,19,0.43247817988510956,21,1.1637415212679156,2,19,0.2581521515168998,1876,21,1.2086839524284407,1.3616215291800253,0.2581521515168998,1.2086839524284407,
C0137,false,arith,129 + 136 = 261,-0.3424072265625,1.5404644012451172,1.8828716278076172,19,1.3765958546021089,resid_post,19,1.3765958546021089,19,0.42958283654133494,21,1.2057169658223987,2,19,0.24643449385970154,1876,21,1.212848484602909,1.3765958546021089,0.24643449385970154,1.212848484602909,
C0115,false,arith,169 + 111 = 283,-0.4505786895751953,1.4075050354003906,1.858083724975586,19,1.3914733655590241,resid_post,19,1.3914733655590241,19,0.42496748517457406,21,1.3149169909594927,2,19,0.24770291868676034,1876,21,1.3202846317535628,1.3914733655590241,0.24770291868676034,1.3202846317535628,
C0096,false,arith,169 + 122 = 300,-0.49571800231933594,1.3979606628417969,1.8936786651611328,19,1.354160266630944,resid_post,19,1.354160266630944,19,0.4309838613341821,21,1.272963328173016,2,19,0.2628951696811045,1876,21,1.2750895669261597,1.354160266630944,0.2628951696811045,1.2750895669261597,
C0132,false,arith,170 + 184 = 361,-0.8495044708251953,0.8384418487548828,1.6879463195800781,19,1.4105348203893917,resid_post,19,1.4105348203893917,19,0.4744465914098783,21,1.2884866153654926,2,19,0.2684441280495384,1876,21,1.3469993333107337,1.4105348203893917,0.2684441280495384,1.3469993333107337,
C0086,false,arith,164 + 130 = 291,-0.4434528350830078,1.4418468475341797,1.8852996826171875,19,1.3741876087572336,resid_post,19,1.3741876087572336,19,0.42995629476751246,21,1.2509439116183076,2,19,0.24269556068147788,1876,21,1.273630164703978,1.3741876087572336,0.24269556068147788,1.273630164703978,
C0032,true,arith,76 + 161 = 237,-0.7011528015136719,0.9404525756835938,1.6416053771972656,19,1.4580526424639295,resid_post,19,1.4580526424639295,19,0.47405986471068023,21,1.4130739397263075,2,19,0.2679527904874552,1876,21,1.4410357464034,1.4580526424639295,0.2679527904874552,1.4410357464034,
C0177,false,fact,Barcelona is the capital of Spain,0.7905921936035156,1.8075675964355469,1.0169754028320312,19,1.4785535308371531,mlp_out,21,1.5354096491293878,19,0.5009940208706872,21,1.5354096491293878,2,19,0.3533181541970187,1876,21,1.8251854880454923,1.4785535308371531,0.3533181541970187,1.8251854880454923,
C0148,true,fact,Lisbon is the capital of Portugal,1.6147212982177734,2.4380359649658203,0.8233146667480469,19,1.7099297122232158,mlp_out,21,1.7923522080184593,19,0.5549282527209293,21,1.7923522080184593,2,19,0.3881349414114082,1876,21,2.224675318657999,1.7099297122232158,0.3881349414114082,2.224675318657999,
C0046,true,arith,175 + 166 = 341,-0.7562160491943359,0.937103271484375,1.693319320678711,19,1.4082634686022661,resid_post,19,1.4082634686022661,19,0.4748999478478509,21,1.3673651450178927,2,19,0.27731313930030516,1876,21,1.4177634950725793,1.4082634686022661,0.27731313930030516,1.4177634950725793,
C0100,false,arith,183 + 80 = 267,-0.5529403686523438,1.2207393646240234,1.7736797332763672,19,1.458473264875758,resid_post,19,1.458473264875758,19,0.44417524537083336,22,0.43023209548358515,2,19,0.24868402516778343,840,22,0.3232991260529143,1.458473264875758,0.24868402516778343,1.3319052519628054,
C0047,true,arith,19 + 156 = 175,-0.5562934875488281,1.3756179809570312,1.9319114685058594,19,1.3609773338941116,resid_post,19,1.3609773338941116,19,0.41130521148647714,21,1.1495224498903125,2,19,0.23672347508781907,1876,21,1.196414573127267,1.3609773338941116,0.23672347508781907,1.196414573127267,
C0143,true,fact,Tokyo is the capital of Japan,1.7006111145019531,1.7000274658203125,-0.000583648681640625,6,28.986928104575163,mlp_out,23,2087.0359477124184,23,614.5555555555555,23,2087.0359477124184,5,23,211.54575163398692,2398,23,1174.4019607843138,-1221.624183006536,-426.8267973856209,-2270.0098039215686,
C0006,true,arith,174 + 190 = 364,-0.836639404296875,0.8843288421630859,1.720968246459961,19,1.3900971203048267,resid_post,19,1.3900971203048267,19,0.4589845979587336,21,1.26304274822866,2,19,0.265064286925499,1876,21,1.327781860015095,1.3900971203048267,0.265064286925499,1.327781860015095,
C0124,false,arith,26 + 13 = 48,-0.8325843811035156,1.087545394897461,1.9201297760009766,19,1.41419845614537,resid_post,19,1.41419845614537,19,0.4225057887098553,21,1.3060153908658083,2,19,0.2571359321188714,1876,21,1.340656262385753,1.41419845614537,0.2571359321188714,1.340656262385753,
C0056,true,arith,199 + 15 = 214,-0.5119094848632812,1.0570602416992188,1.5689697265625,19,1.4938851824476775,resid_post,19,1.4938851824476775,19,0.4951604197463627,21,1.3550642359760368,2,19,0.2731548568427604,1876,21,1.3904317085505329,1.4938851824476775,0.2731548568427604,1.3904317085505329,
C0167,true,fact,Gold is a metal,2.2649078369140625,2.149534225463867,-0.11537361145019531,23,1.0,mlp_out,23,9.704822364396833,23,2.4963547091206664,23,9.704822364396833,5,23,1.2691729074707798,2398,23,5.68485179123477,-4.618657937806874,-1.4685645323943197,-11.437749012217097,
C0171,false,fact,Paris is the capital of Germany,0.09908103942871094,0.9257717132568359,0.826690673828125,19,1.6073175458673261,resid_post,19,1.6073175458673261,19,0.5911901509837941,21,1.3233069696186643,2,19,0.41299974159252834,1876,21,1.6662829008084463,1.6073175458673261,0.41299974159252834,1.6662829008084463,
C0075,false,arith,175 + 109 = 277,-0.5677356719970703,1.108438491821289,1.6761741638183594,19,1.45462438467088,resid_post,19,1.45462438467088,19,0.46517629762471013,21,1.3388378216609504,2,19,0.25280781248933204,1876,21,1.3600030951367663,1.45462438467088,0.25280781248933204,1.3600030951367663,
C0048,true,arith,163 + 44 = 207,-0.4534645080566406,1.318084716796875,1.7715492248535156,19,1.4429393993552986,resid_post,19,1.4429393993552986,19,0.4443444350895024,21,1.393563967347185,2,19,0.2550651269054115,1876,21,1.416077915422232,1.4429393993552986,0.2550651269054115,1.416077915422232,
C0107,false,arith,19 + 182 = 193,-0.9218292236328125,1.0558815002441406,1.9777107238769531,19,1.358823983257626,resid_post,19,1.358823983257626,19,0.3932471139658016,21,1.0762482037631764,2,19,0.23201111014668865,1876,21,1.1296723856918285,1.358823983257626,0.23201111014668865,1.1296723856918285,
C0005,true,arith,189 + 27 = 216,-0.5205421447753906,1.2095470428466797,1.7300891876220703,19,1.470055618946823,resid_post,19,1.470055618946823,19,0.44888734544933384,16,0.4701383032087006,2,19,0.2615711112213568,872,16,0.16635632507041942,1.470055618946823,0.2615711112213568,1.4012005754824626,
C0141,true,fact,Paris is the capital of France,2.2105579376220703,2.4454307556152344,0.23487281799316406,19,3.4860282115623553,mlp_out,21,5.572327656913619,19,1.648752243363299,21,5.572327656913619,2,19,1.0287475333154676,1876,21,6.896874314809852,3.4860282115623553,1.0287475333154676,6.896874314809852,
C0020,true,arith,179 + 109 = 288,-0.23607635498046875,1.236745834350586,1.4728221893310547,19,1.5343914590194294,resid_post,19,1.5343914590194294,19,0.5250853748399019,21,1.5041654633681394,2,19,0.29141667195470505,1876,21,1.5360050661565976,1.5343914590194294,0.29141667195470505,1.5360050661565976,
C0089,false,arith,154 + 83 = 244,-0.7472915649414062,1.0389842987060547,1.786275863647461,19,1.4100732176358723,resid_post,19,1.4100732176358723,19,0.4458160664500498,21,1.2990433764039966,2,19,0.25541817979910797,1876,21,1.3320377609519467,1.4100732176358723,0.25541817979910797,1.3320377609519467,
C0010,true,arith,24 + 56 = 80,-1.0011920928955078,1.1877593994140625,2.1889514923095703,19,1.3412513146532756,resid_post,19,1.3412513146532756,19,0.38919487888634163,21,1.125111424217155,2,19,0.24383757638494966,1876,21,1.1575971928503774,1.3412513146532756,0.24383757638494966,1.1575971928503774,
C0015,true,arith,180 + 140 = 320,-0.6889991760253906,0.8061027526855469,1.4951019287109375,19,1.5440471816539605,resid_post,19,1.5440471816539605,19,0.5163854954430871,21,1.4322548299194757,2,19,0.28966121674167966,1876,21,1.472362552687711,1.5440471816539605,0.28966121674167966,1.472362552687711,
C0002,true,arith,7 + 190 = 197,-0.7765560150146484,0.9481391906738281,1.7246952056884766,19,1.4357696046501083,resid_post,19,1.4357696046501083,19,0.4522099847716915,21,1.2316947879814695,2,19,0.2506488896163285,1876,21,1.2945466730514235,1.4357696046501083,0.2506488896163285,1.2945466730514235,
C0072,false,arith,36 + 131 = 174,-0.7785491943359375,0.9848041534423828,1.7633533477783203,19,1.390325633717503,resid_post,19,1.390325633717503,19,0.43097657665453404,21,1.2713754928312988,2,19,0.24562333356769298,1876,21,1.3107251988902169,1.390325633717503,0.24562333356769298,1.3107251988902169,
C0165,true,fact,The Earth orbits the Sun,2.380138397216797,2.5737876892089844,0.1936492919921875,19,4.533862579780947,resid_post,19,4.533862579780947,19,1.8772555354188007,19,2.1803640375068944,2,19,1.1884504767157829,2624,19,0.5663856276101175,4.533862579780947,1.1884504767157829,6.358403593097471,
C0091,false,arith,79 + 62 = 133,-0.8856372833251953,0.5616626739501953,1.4472999572753906,19,1.5864902833677297,resid_post,19,1.5864902833677297,19,0.5050764230985159,21,1.491288900134686,2,19,0.29354825105890603,1876,21,1.548891542194143,1.5864902833677297,0.29354825105890603,1.548891542194143,
C0129,false,arith,1 + 100 = 100,-1.000753402709961,1.187530517578125,2.188283920288086,19,1.3263330750437334,resid_post,19,1.3263330750437334,19,0.33610566107465323,21,0.9001944580755885,2,19,0.20251531651516486,1876,21,0.9414734361203915,1.3263330750437334,0.20251531651516486,0.9414734361203915,
C0057,true,arith,59 + 9 = 68,-0.8284206390380859,0.5642108917236328,1.3926315307617188,19,1.6385693154737448,resid_post,19,1.6385693154737448,19,0.5451392883556578,21,1.5885309666639276,2,19,0.3184581039252746,1876,21,1.6364738269372996,1.6385693154737448,0.3184581039252746,1.6364738269372996,
C0158,true,fact,The heart pumps blood through the body,3.109701156616211,3.0004444122314453,-0.10925674438476562,23,1.0000349149820187,mlp_out,23,12.766575887713417,23,3.0593729269229426,23,12.766575887713417,5,23,1.223351139974163,2398,23,9.19730456338815,-6.0733040047484375,-2.2280995775287176,-13.045511679061486,
C0193,false,fact,A square has three sides,2.120563507080078,3.019094467163086,0.8985309600830078,19,1.6405626113112384,mlp_out,21,1.7429848712239089,19,0.6081801952497299,21,1.7429848712239089,2,19,0.38941898452309437,1876,21,2.0510965019348784,1.6405626113112384,0.38941898452309437,2.0510965019348784,
C0162,true,fact,A triangle has three sides,2.6809024810791016,3.2474212646484375,0.5665187835693359,19,2.105494934667479,resid_post,19,2.105494934667479,19,0.7527464572973446,19,0.7345220339439564,2,19,0.4959379702981964,2624,19,0.2519872466071194,2.105494934667479,0.4959379702981964,2.939502186728795,
C0082,false,arith,41 + 117 = 149,-0.7000865936279297,1.076730728149414,1.7768173217773438,19,1.4091388246003496,resid_post,19,1.4091388246003496,19,0.4312339248833145,21,1.2664025230687317,2,19,0.2501459910430201,1876,21,1.3202796587244676,1.4091388246003496,0.2501459910430201,1.3202796587244676,
C0017,true,arith,115 + 151 = 266,-0.8238143920898438,1.2181625366210938,2.0419769287109375,19,1.333384395806401,resid_post,19,1.333384395806401,19,0.40639221210105886,21,1.1121742899202678,2,19,0.23513334778027695,1876,21,1.145872719936035,1.333384395806401,0.23513334778027695,1.145872719936035,
C0099,false,arith,139 + 194 = 330,-0.6989688873291016,0.9744415283203125,1.673410415649414,19,1.4081910391417782,resid_post,19,1.4081910391417782,19,0.4680224175328176,21,1.2591864810924729,2,19,0.27457602390838765,1876,21,1.299471476003278,1.4081910391417782,0.27457602390838765,1.299471476003278,
C0043,true,arith,95 + 91 = 186,-1.0471763610839844,0.35333824157714844,1.4005146026611328,19,1.579337657792129,resid_post,19,1.579337657792129,19,0.5280842411473662,21,1.2764312455993887,2,19,0.287243300516293,1876,21,1.4021664966572378,1.579337657792129,0.287243300516293,1.4021664966572378,
C0001,true,arith,164 + 29 = 193,-0.5068435668945312,1.2071857452392578,1.714029312133789,19,1.449374335805574,resid_post,19,1.449374335805574,19,0.45614341592063606,21,1.415230708455508,2,19,0.262713307257037,1876,21,1.4477997429463247,1.449374335805574,0.262713307257037,1.4477997429463247,
C0012,true,arith,155 + 7 = 162,-0.8225879669189453,0.8990421295166016,1.7216300964355469,19,1.4505976978385384,resid_post,19,1.4505976978385384,19,0.45745986727673577,21,1.381600434286474,2,19,0.26631842504680764,1876,21,1.4001916621428492,1.4505976978385384,0.26631842504680764,1.4001916621428492,
C0071,false,arith,103 + 93 = 194,-1.0013713836669922,0.7637538909912109,1.7651252746582031,19,1.4141138103851814,resid_post,19,1.4141138103851814,19,0.4382279017196256,21,1.2029361359102864,2,19,0.2541099635414303,1876,21,1.274971526872797,1.4141138103851814,0.2541099635414303,1.274971526872797,
C0109,false,arith,85 + 19 = 112,-0.9729862213134766,0.5963821411132812,1.5693683624267578,19,1.523522698684129,resid_post,19,1.523522698684129,19,0.4766462364532858,21,1.431905162973793,2,19,0.2785339346938081,1876,21,1.4844962512199182,1.523522698684129,0.2785339346938081,1.4844962512199182,
C0024,true,arith,27 + 24 = 51,-0.6575126647949219,1.3753662109375,2.032878875732422,19,1.3688251420979645,resid_post,19,1.3688251420979645,19,0.3971790575090963,21,1.188540401983836,2,19,0.24007378398106988,1876,21,1.224147928250145,1.3688251420979645,0.24007378398106988,1.224147928250145,
C0014,true,arith,184 + 167 = 351,-0.8060169219970703,1.0100765228271484,1.8160934448242188,19,1.3634782535634917,resid_post,19,1.3634782535634917,19,0.4340685769978869,21,1.2623005053793706,2,19,0.2637624506908532,1876,21,1.3189151777649881,1.3634782535634917,0.2637624506908532,1.3189151777649881,
C0065,true,arith,37 + 68 = 105,-0.42983245849609375,1.1006832122802734,1.5305156707763672,19,1.4647290545853786,resid_post,19,1.4647290545853786,19,0.4813871846925156,21,1.4411669040702566,2,19,0.2789186858433934,1876,21,1.495565350790286,1.4647290545853786,0.2789186858433934,1.495565350790286,
C0126,false,arith,43 + 105 = 155,-0.9896678924560547,0.6783409118652344,1.668008804321289,19,1.4348434621625423,resid_post,19,1.4348434621625423,19,0.4447895238171471,21,1.326106868134067,2,19,0.2643470624356073,1876,21,1.377140753124296,1.4348434621625423,0.2643470624356073,1.377140753124296,
C0164,true,fact,The Sun is a star,2.0398120880126953,2.152364730834961,0.11255264282226562,19,7.488849347568209,resid_post,19,7.488849347568209,19,3.142145399084901,19,2.8388917132689375,2,19,2.0631248940857483,2624,19,0.883053719708524,7.488849347568209,2.0631248940857483,12.467802067446195,
C0199,false,fact,A meter is 10 centimeters,0.002902984619140625,1.8184928894042969,1.8155899047851562,19,1.397188966815563,resid_post,19,1.397188966815563,19,0.35289297525349517,21,1.2562181423943053,2,19,0.2553545990511529,1876,21,1.3582192097422816,1.397188966815563,0.2553545990511529,1.3582192097422816,
C0185,false,fact,The Atlantic Ocean is larger than the Pacific Ocean,0.8301658630371094,0.8789863586425781,0.04882049560546875,19,15.958509142053446,resid_post,19,15.958509142053446,13,8.812587904360056,13,7.249921862791061,7,13,3.1812783247382406,2097,13,1.2865291451789342,15.958509142053446,5.851343959993749,20.915260196905766,
C0088,false,arith,139 + 136 = 266,-0.4853172302246094,1.4609909057617188,1.9463081359863281,19,1.3605278579730427,resid_post,19,1.3605278579730427,19,0.4167083159386374,21,1.2298079429571571,2,19,0.2374175099419262,1876,21,1.2297050447558178,1.3605278579730427,0.2374175099419262,1.2297050447558178,
C0054,true,arith,57 + 176 = 233,-0.8154220581054688,0.9576835632324219,1.7731056213378906,19,1.4230823843772389,resid_post,19,1.4230823843772389,19,0.44221927716545933,21,1.2780798134287417,2,19,0.2565053602662599,1876,21,1.2899427506782355,1.4230823843772389,0.2565053602662599,1.2899427506782355,
C0157,true,fact,The Sahara is a desert in Africa,1.9741249084472656,2.1187477111816406,0.144622802734375,19,5.51049799535767,resid_post,19,5.51049799535767,19,3.0697404515720614,13,2.4632438278117745,2,19,1.9101735598227474,901,13,0.3802358092424562,5.51049799535767,1.9101735598227474,10.271431209115848,
C0070,true,arith,110 + 150 = 260,-0.7846565246582031,1.1077404022216797,1.8923969268798828,19,1.3815691203343006,resid_post,19,1.3815691203343006,19,0.4366085746164181,21,1.1180766024868947,2,19,0.2507314841038904,1876,21,1.1634875791328223,1.3815691203343006,0.2507314841038904,1.1634875791328223,
C0040,true,arith,98 + 72 = 170,-0.5946807861328125,1.1897449493408203,1.7844257354736328,19,1.413519063056823,resid_post,19,1.413519063056823,19,0.42862884304790855,21,1.1740991691545,2,19,0.2534447540652427,1876,21,1.2344335382388811,1.413519063056823,0.2534447540652427,1.2344335382388811,
C0190,false,fact,An hour has 100 minutes,-0.15660476684570312,1.9273815155029297,2.083986282348633,19,1.285591643488201,resid_post,19,1.285591643488201,19,0.3136163073890111,21,0.9939337860112812,2,19,0.23542548157666648,1876,21,1.0922608179138191,1.285591643488201,0.23542548157666648,1.0922608179138191,
C0028,true,arith,12 + 187 = 199,-1.1249351501464844,0.9304141998291016,2.055349349975586,19,1.3458887615477058,resid_post,19,1.3458887615477058,19,0.39993596852249685,21,1.034560293988001,2,19,0.22904059502874458,1876,21,1.1092479085370663,1.3458887615477058,0.22904059502874458,1.1092479085370663,
C0030,true,arith,32 + 97 = 129,-0.9805641174316406,0.9727458953857422,1.9533100128173828,19,1.345195816411922,resid_post,19,1.345195816411922,19,0.3973070910275101,21,1.173982542669298,2,19,0.23750972808239845,1876,21,1.2257159233939754,1.345195816411922,0.23750972808239845,1.2257159233939754,
C0163,true,fact,A square has four sides,2.1653194427490234,2.8334407806396484,0.668121337890625,19,1.9087493719453708,mlp_out,21,2.1672852053167677,19,0.7855136344950441,21,2.1672852053167677,2,19,0.49075332297994795,1876,21,2.5897746996756954,1.9087493719453708,0.49075332297994795,2.5897746996756954,
C0035,true,arith,181 + 18 = 199,-1.08221435546875,0.7536582946777344,1.8358726501464844,19,1.4042644042862218,resid_post,19,1.4042644042862218,19,0.43833205544577497,21,1.2461419224000183,2,19,0.2526809665401246,1876,21,1.3134990639213902,1.4042644042862218,0.2526809665401246,1.3134990639213902,
C0027,true,arith,155 + 68 = 223,-0.6949195861816406,0.9861564636230469,1.6810760498046875,19,1.471180029227292,resid_post,19,1.471180029227292,19,0.4561409082244874,21,1.3963543037641484,2,19,0.2587364188398036,1876,21,1.4237117753310762,1.471180029227292,0.2587364188398036,1.4237117753310762,
C0176,false,fact,Milan is the capital of Italy,1.3430233001708984,2.111705780029297,0.7686824798583984,19,1.5963385614784709,mlp_out,21,1.7866385781033272,19,0.589606735300029,21,1.7866385781033272,2,19,0.4077183997459126,1876,21,2.253179193620025,1.5963385614784709,0.4077183997459126,2.253179193620025,
C0142,true,fact,Berlin is the capital of Germany,1.7547492980957031,2.2886829376220703,0.5339336395263672,19,2.1854287602479148,mlp_out,21,2.6017504063443297,19,0.8101273509921946,21,2.6017504063443297,2,19,0.5584582135138514,1876,21,3.131887759658492,2.1854287602479148,0.5584582135138514,3.131887759658492,
C0178,false,fact,Porto is the capital of Portugal,1.5169868469238281,2.135316848754883,0.6183300018310547,19,1.7856087456775958,mlp_out,21,2.1279184904822275,19,0.71609862330844,21,2.1279184904822275,2,19,0.49137369942285686,1876,21,2.7206330992063124,1.7856087456775958,0.49137369942285686,2.7206330992063124,
C0136,false,arith,15 + 13 = 35,-1.089111328125,0.9314365386962891,2.020547866821289,19,1.3952606742442764,resid_post,19,1.3952606742442764,19,0.3922399511398038,21,1.049881578214545,2,19,0.22669110935112036,1876,21,1.1260915902124795,1.3952606742442764,0.22669110935112036,1.1260915902124795,
C0078,false,arith,3 + 175 = 172,-0.8950862884521484,1.1691226959228516,2.064208984375,19,1.3305301966292136,resid_post,19,1.3305301966292136,19,0.3779318820224719,21,1.066884424896511,2,19,0.22369160260201065,1876,21,1.1137067563571852,1.3305301966292136,0.22369160260201065,1.1137067563571852,
C0140,false,arith,173 + 61 = 238,-0.9016246795654297,0.8844051361083984,1.7860298156738281,19,1.4343214501588006,resid_post,19,1.4343214501588006,19,0.463365848136575,21,1.2928938032494868,2,19,0.26496004886831825,1876,21,1.3462730431848133,1.4343214501588006,0.26496004886831825,1.3462730431848133,
C0113,false,arith,63 + 122 = 190,-0.5884799957275391,1.245534896850586,1.834014892578125,19,1.3922179975705942,resid_post,19,1.3922179975705942,19,0.42090807361432353,21,1.2634158111053797,2,19,0.25445737724012846,1876,21,1.2908391849842755,1.3922179975705942,0.25445737724012846,1.2908391849842755,
C0041,true,arith,117 + 163 = 280,-0.4841785430908203,1.5896720886230469,2.073850631713867,19,1.3322575749911478,resid_post,19,1.3322575749911478,19,0.41549809389356157,21,1.1053108861900405,2,19,0.2458753144270874,1876,21,1.1239056557787905,1.3322575749911478,0.2458753144270874,1.1239056557787905,
C0073,false,arith,24 + 194 = 210,-0.4059562683105469,1.6508827209472656,2.0568389892578125,19,1.3822748280748087,resid_post,19,1.3822748280748087,19,0.41161246170166993,21,1.1352505990489403,2,19,0.23823601415461768,1876,21,1.1478445365994792,1.3822748280748087,0.23823601415461768,1.1478445365994792,
C0095,false,arith,197 + 33 = 225,-0.4198131561279297,1.5005970001220703,1.92041015625,19,1.3703200483091786,resid_post,19,1.3703200483091786,19,0.4232197908721078,21,1.1751009089753368,2,19,0.2475229627510806,1876,21,1.1964447463768115,1.3703200483091786,0.2475229627510806,1.1964447463768115,
C0063,true,arith,128 + 102 = 230,-0.4267005920410156,1.4652175903320312,1.8919181823730469,19,1.3840671028621547,resid_post,19,1.3840671028621547,19,0.4188142069340968,21,1.2489711768204776,2,19,0.25726124345958806,1876,21,1.2743010958655523,1.3840671028621547,0.25726124345958806,1.2743010958655523,
C0018,true,arith,72 + 2 = 74,-1.2841472625732422,0.6053619384765625,1.8895092010498047,19,1.4358454626118082,resid_post,19,1.4358454626118082,19,0.4200921216134506,21,1.222665591275197,2,19,0.2654840725303766,1876,21,1.2361799914601266,1.4358454626118082,0.2654840725303766,1.2361799914601266,
C0090,false,arith,5 + 29 = 37,-0.7694625854492188,1.0409374237060547,1.8104000091552734,19,1.4451905926329396,resid_post,19,1.4451905926329396,19,0.4233641777930426,21,1.222535243912846,2,19,0.25247821520042224,1876,21,1.2816489336484154,1.4451905926329396,0.25247821520042224,1.2816489336484154,
C0179,false,fact,Alexandria is the capital of Egypt,1.81683349609375,1.9746360778808594,0.15780258178710938,19,6.197258684458626,resid_post,19,6.197258684458626,19,2.4912490632629876,17,2.360057533782967,2,19,1.6659414509149806,1831,17,0.34419948267943046,6.197258684458626,1.6659414509149806,6.46340077839824,
C0181,false,fact,The Earth has two moons,2.4285011291503906,2.2834339141845703,-0.1450672149658203,23,1.0,mlp_out,23,9.143813192737026,23,1.8790249418199507,23,9.143813192737026,5,23,0.9289874699238729,2398,23,6.741272992623953,-3.911632065424616,-1.5862708231983906,-7.814099951352275,
C0130,false,arith,117 + 74 = 196,-0.8062362670898438,1.3092803955078125,2.1155166625976562,19,1.3243053176334818,resid_post,19,1.3243053176334818,19,0.39776313179580575,21,1.1016318949816974,2,19,0.2312864020772851,1876,21,1.1507050507600483,1.3243053176334818,0.2312864020772851,1.1507050507600483,
C0055,true,arith,84 + 197 = 281,-0.6925926208496094,1.0560474395751953,1.7486400604248047,19,1.401081598750424,resid_post,19,1.401081598750424,19,0.4550066481891729,21,1.2768439044449607,2,19,0.25797046436974186,1876,21,1.3048252000728628,1.401081598750424,0.25797046436974186,1.3048252000728628,
C0138,false,arith,15 + 131 = 139,-0.9316005706787109,1.0982646942138672,2.029865264892578,19,1.380455802013467,resid_post,19,1.380455802013467,19,0.3954233749344599,21,1.1101036050342312,2,19,0.22555941644412789,1876,21,1.170422106416446,1.380455802013467,0.22555941644412789,1.170422106416446,
C0173,false,fact,Tokyo is the capital of China,-0.5577316284179688,0.18271255493164062,0.7404441833496094,19,1.7918089880115196,resid_post,19,1.7918089880115196,19,0.6746649974498076,21,1.1242948331555926,2,19,0.44672416191403536,1876,21,1.470209115778736,1.7918089880115196,0.44672416191403536,1.470209115778736,
C0026,true,arith,92 + 89 = 181,-0.5332851409912109,0.9490108489990234,1.4822959899902344,19,1.4931145853438847,resid_post,19,1.4931145853438847,19,0.4924763559158464,21,1.3888168307276587,2,19,0.27447854339574085,1876,21,1.4692491796950395,1.4931145853438847,0.27447854339574085,1.4692491796950395,
C0189,false,fact,Humans can breathe normally without oxygen,0.7938938140869141,1.5754318237304688,0.7815380096435547,19,1.453333853974731,resid_post,19,1.453333853974731,13,0.6340728881686682,21,0.9817547730206881,7,13,0.2710939082515967,1876,21,1.5228736476543072,1.453333853974731,0.4178464482087902,1.5228736476543072,
C0160,true,fact,An hour has 60 minutes,0.42133522033691406,2.222768783569336,1.8014335632324219,19,1.356709053755016,resid_post,19,1.356709053755016,19,0.3470973138373903,21,1.184675002911686,2,19,0.25750526750452635,1876,21,1.3015172530625643,1.356709053755016,0.25750526750452635,1.3015172530625643,
C0175,false,fact,Toronto is the capital of Canada,0.6863765716552734,0.9530277252197266,0.2666511535644531,19,2.870144919242929,mlp_out,21,3.8256891889958657,19,1.676492467918914,21,3.8256891889958657,2,19,1.126221370223602,1876,21,5.352820417447533,2.870144919242929,1.126221370223602,5.352820417447533,
C0003,true,arith,71 + 63 = 134,-1.2885150909423828,0.3808860778808594,1.6694011688232422,19,1.4497199076375011,resid_post,19,1.4497199076375011,19,0.46243174783803886,21,1.2720363508815227,2,19,0.26683781835299064,1876,21,1.3371379736234457,1.4497199076375011,0.26683781835299064,1.3371379736234457,
C0019,true,arith,195 + 41 = 236,-0.8206882476806641,1.0483283996582031,1.8690166473388672,19,1.403038872214903,resid_post,19,1.403038872214903,19,0.4425387002591073,21,1.196459241373891,2,19,0.2510074976808929,1876,21,1.268627609059264,1.403038872214903,0.2510074976808929,1.268627609059264,
C0183,false,fact,A year has 10 months,1.3687305450439453,2.4770679473876953,1.10833740234375,19,1.6409545542155406,resid_post,19,1.6409545542155406,19,0.5284638471281459,21,1.5578914037116582,2,19,0.36009347981717055,1876,21,1.7594959799548433,1.6409545542155406,0.36009347981717055,1.7594959799548433,
C0118,false,arith,16 + 104 = 122,-1.0753650665283203,1.250375747680664,2.3257408142089844,19,1.2967323788419807,resid_post,19,1.2967323788419807,19,0.35101668254934154,21,1.0571390846658653,2,19,0.2174390129888023,1876,21,1.0955068158818,1.2967323788419807,0.2174390129888023,1.0955068158818,
C0077,false,arith,136 + 65 = 210,-0.5666027069091797,1.1887664794921875,1.7553691864013672,19,1.4557963054114933,resid_post,19,1.4557963054114933,19,0.4628949309967522,21,1.2914500298266145,2,19,0.26004570154479045,1876,21,1.309826266761851,1.4557963054114933,0.26004570154479045,1.309826266761851,
C0166,true,fact,Ice is solid water,1.7676811218261719,1.9242706298828125,0.15658950805664062,19,4.695108285220103,resid_post,19,4.695108285220103,19,2.182196886647665,21,4.588771955467855,2,19,1.372530390508904,1876,21,6.54142610051402,4.695108285220103,1.372530390508904,6.54142610051402,
C0184,false,fact,A week has 8 days,0.7593994140625,2.315675735473633,1.5562763214111328,19,1.3931124584373549,resid_post,19,1.3931124584373549,19,0.3890643517820616,21,1.2457175002481808,2,19,0.27244260279899063,1876,21,1.3653811507506095,1.3931124584373549,0.27244260279899063,1.3653811507506095,
C0034,true,arith,148 + 50 = 198,-1.2432937622070312,0.3804645538330078,1.623758316040039,19,1.4647916111154835,resid_post,19,1.4647916111154835,19,0.4732209036116981,21,1.3759786307568156,2,19,0.2666362823719014,1876,21,1.437664230832933,1.4647916111154835,0.2666362823719014,1.437664230832933,
C0102,false,arith,113 + 133 = 252,-0.4960784912109375,1.4981422424316406,1.9942207336425781,19,1.3492309281466335,resid_post,19,1.3492309281466335,19,0.4211522018160846,21,1.1874446461466066,2,19,0.24833245022218056,1876,21,1.2132675176415002,1.3492309281466335,0.24833245022218056,1.2132675176415002,
C0068,true,arith,138 + 68 = 206,-0.13639450073242188,1.4588375091552734,1.5952320098876953,19,1.5058593119478312,mlp_out,21,1.5345921199099433,19,0.47935879363097994,21,1.5345921199099433,2,19,0.2704920482901522,1876,21,1.5331692893379774,1.5058593119478312,0.2704920482901522,1.5331692893379774,
C0062,true,arith,55 + 168 = 223,-0.9415550231933594,0.7068920135498047,1.648447036743164,19,1.4664181306341486,resid_post,19,1.4664181306341486,19,0.4740778537964805,21,1.2855977534564211,2,19,0.2724315918455189,1876,21,1.3423861541825908,1.4664181306341486,0.2724315918455189,1.3423861541825908,
C0187,false,fact,The Sahara is a desert in South America,1.5306568145751953,1.7084178924560547,0.17776107788085938,19,4.700444215541106,resid_post,19,4.700444215541106,19,2.4991630721689306,13,2.088810918689242,2,19,1.5938861348955986,901,13,0.3435696044979506,4.700444215541106,1.5938861348955986,7.665196678040301,
C0172,false,fact,Berlin is the capital of France,0.05055809020996094,1.0308399200439453,0.9802818298339844,19,1.5031189804455687,resid_post,19,1.5031189804455687,19,0.533104387586341,21,1.2262729837532833,2,19,0.3406381943768849,1876,21,1.5095748613678373,1.5031189804455687,0.3406381943768849,1.5095748613678373,
C0053,true,arith,177 + 143 = 320,-0.6557483673095703,1.0994758605957031,1.7552242279052734,19,1.3967419475073433,resid_post,19,1.3967419475073433,19,0.47354448770596463,21,1.255205418568791,2,19,0.2842271008853096,1876,21,1.3114264384515828,1.3967419475073433,0.2842271008853096,1.3114264384515828,
C0067,true,arith,191 + 144 = 335,-0.7246742248535156,0.9680557250976562,1.6927299499511719,19,1.403690006963553,resid_post,19,1.403690006963553,19,0.4633466970448845,21,1.2305150099495423,2,19,0.2729735272310976,1876,21,1.3154624678020188,1.403690006963553,0.2729735272310976,1.3154624678020188,
C0081,false,arith,29 + 76 = 110,-0.4856891632080078,1.3640022277832031,1.849691390991211,19,1.3793452268628368,resid_post,19,1.3793452268628368,19,0.4204518386299446,21,1.2547663314328847,2,19,0.2438781939241326,1876,21,1.2701637809338493,1.3793452268628368,0.2438781939241326,1.2701637809338493,
C0134,false,arith,56 + 15 = 80,-0.7359504699707031,0.8240222930908203,1.5599727630615234,19,1.5410912425492893,resid_post,19,1.5410912425492893,19,0.490842732691426,21,1.4613027663151459,2,19,0.29918019257221456,1876,21,1.5112407152682257,1.5410912425492893,0.29918019257221456,1.5112407152682257,
C0145,true,fact,Ottawa is the capital of Canada,1.0204811096191406,1.1075057983398438,0.08702468872070312,19,7.164445710778942,mlp_out,21,10.666111427694736,19,4.061127427344058,21,10.666111427694736,2,19,3.0340814447902513,1876,21,14.884429930302897,7.164445710778942,3.0340814447902513,14.884429930302897,
C0150,true,fact,Brasília is the capital of Brazil,1.146902084350586,1.5539073944091797,0.40700531005859375,19,2.3595750463943617,resid_post,19,2.3595750463943617,19,1.0912000674827076,21,2.255281459126099,2,19,0.7286632800344912,1876,21,3.064244474853319,2.3595750463943617,0.7286632800344912,3.064244474853319,
C0169,true,fact,A meter is 100 centimeters,0.08129310607910156,1.8208789825439453,1.7395858764648438,19,1.4353375495041907,resid_post,19,1.4353375495041907,19,0.3627379819394678,21,1.23657301621413,2,19,0.26155755643368084,1876,21,1.3273756529290253,1.4353375495041907,0.26155755643368084,1.3273756529290253,
C0108,false,arith,59 + 18 = 69,-0.6329364776611328,0.9397392272949219,1.5726757049560547,19,1.5509929839242724,resid_post,19,1.5509929839242724,19,0.4741011600477845,21,1.4662409721843221,2,19,0.2730217637820105,1876,21,1.468072307421759,1.5509929839242724,0.2730217637820105,1.468072307421759,
C0021,true,arith,88 + 72 = 160,-0.6779804229736328,1.2077350616455078,1.8857154846191406,19,1.396677111802059,resid_post,19,1.396677111802059,19,0.4126462335812789,21,1.2019879472982569,2,19,0.24751936463367513,1876,21,1.2404208533183365,1.396677111802059,0.24751936463367513,1.2404208533183365,
C0159,true,fact,Humans need oxygen to breathe,1.9967460632324219,2.609729766845703,0.6129837036132812,19,1.920075922583857,resid_post,19,1.920075922583857,19,0.6390098948285519,21,1.8391841433816665,2,19,0.5053332503578318,1876,21,2.463942995830481,1.920075922583857,0.5053332503578318,2.463942995830481,
C0011,true,arith,60 + 130 = 190,-0.9523601531982422,0.7943572998046875,1.7467174530029297,19,1.4581696755672469,resid_post,19,1.4581696755672469,19,0.45066789839951166,21,1.1922507843015213,2,19,0.2451333995062149,1876,21,1.2322296876006653,1.4581696755672469,0.2451333995062149,1.2322296876006653,
C0153,true,fact,A year has 12 months,1.7814064025878906,2.500507354736328,0.7191009521484375,19,2.0346934878095357,resid_post,19,2.0346934878095357,19,0.7121925859910455,19,0.7424220722727948,2,19,0.47092696331190187,2624,19,0.18904767967407218,2.0346934878095357,0.47092696331190187,2.4745607613469986,
C0149,true,fact,Cairo is the capital of Egypt,1.7313213348388672,2.002370834350586,0.27104949951171875,19,3.5949770597010726,mlp_out,21,3.9338179412840937,19,1.366735159174712,21,3.9338179412840937,2,19,0.9329172178906184,1876,21,4.9179426914740905,3.5949770597010726,0.9329172178906184,4.9179426914740905,
C0064,true,arith,165 + 118 = 283,-0.38605308532714844,1.4428024291992188,1.8288555145263672,19,1.3989937915016681,resid_post,19,1.3989937915016681,19,0.43701862758083404,21,1.3314126237032602,2,19,0.24790295010569988,1876,21,1.344703586703614,1.3989937915016681,0.24790295010569988,1.344703586703614,
C0146,true,fact,Rome is the capital of Italy,1.5676250457763672,2.2306270599365234,0.6630020141601562,19,1.9032577300606437,resid_post,19,1.9032577300606437,19,0.6267908309455588,21,1.8844403401571903,2,19,0.44870599878022116,1876,21,2.441841866031461,1.9032577300606437,0.44870599878022116,2.441841866031461,
C0031,true,arith,21 + 142 = 163,-1.1891632080078125,0.8252525329589844,2.014415740966797,19,1.3497804255899346,resid_post,19,1.3497804255899346,19,0.39062088712227805,21,1.0956507412885108,2,19,0.23436704054599133,1876,21,1.1455629683354573,1.3497804255899346,0.23436704054599133,1.1455629683354573,
