id,label,kind,claim,score_neutral,score_pressured,delta,neuron_post_neutral,neuron_post_pressured,neuron_delta,score_pressured_fix_neuron,score_pressured_fix_head,score_pressured_fix_both,removed_frac_fix_neuron,removed_frac_fix_head,removed_frac_fix_both
C0112,false,arith,186 + 147 = 340,-0.6019115447998047,1.115997314453125,1.7179088592529297,28.887165069580078,19.430002212524414,-9.457162857055664,-1.4641609191894531,0.7431640625,-1.4259395599365234,1.501917997421945,0.21702737601298575,1.479669227327383
C0097,false,arith,43 + 68 = 119,-0.9030094146728516,0.46263885498046875,1.3656482696533203,28.92567253112793,19.6259765625,-9.29969596862793,-2.0868072509765625,0.1613292694091797,-1.998291015625,1.8668394802742485,0.22063483860875735,1.8020232041374706
C0131,false,arith,179 + 188 = 376,-0.7302875518798828,1.033590316772461,1.7638778686523438,28.88917350769043,18.865619659423828,-10.023553848266602,-1.7045726776123047,0.6752281188964844,-1.6498641967773438,1.5523540734012413,0.20316723977594672,1.5213380479681653
C0104,false,arith,17 + 87 = 95,-0.9806060791015625,1.376861572265625,2.3574676513671875,29.043384552001953,19.02145004272461,-10.021934509277344,-1.3708457946777344,0.9907073974609375,-1.3270263671875,1.1655334338733585,0.16380041294765663,1.1469459349251452
C0122,false,arith,72 + 119 = 189,-0.6795444488525391,1.066244125366211,1.74578857421875,28.95555305480957,19.617904663085938,-9.337648391723633,-1.4801616668701172,0.7220096588134766,-1.4243698120117188,1.4585991854001328,0.1971799286788099,1.4266412177044365
C0174,false,fact,Sydney is the capital of Australia,0.7728424072265625,1.4990730285644531,0.7262306213378906,28.70707130432129,22.682680130004883,-6.024391174316406,-0.09891510009765625,1.2768783569335938,-0.004425048828125,2.2003866013226387,0.30595607662690344,2.0702763464073914
C0098,false,arith,156 + 109 = 262,-0.5133800506591797,1.2184810638427734,1.7318611145019531,28.33064842224121,18.644561767578125,-9.686086654663086,-1.4759960174560547,0.8797569274902344,-1.3966751098632812,1.5558274614149432,0.19558389152351227,1.5100264979724536
C0036,true,arith,12 + 170 = 182,-0.9189472198486328,1.0908069610595703,2.009754180908203,28.90489959716797,19.55321502685547,-9.3516845703125,-1.4872608184814453,0.7411766052246094,-1.4491920471191406,1.2827776670557753,0.17396672645654795,1.2638356632406116
C0155,true,fact,The Pacific Ocean is larger than the Atlantic Ocean,0.8906536102294922,0.9676799774169922,0.0770263671875,26.572420120239258,22.23832130432129,-4.334098815917969,-0.1617870330810547,0.7730808258056641,-0.04319953918457031,14.663381537242472,2.5263965927099843,13.123811410459588
C0106,false,arith,151 + 57 = 199,-1.2932624816894531,0.4424896240234375,1.7357521057128906,29.435060501098633,19.583343505859375,-9.851716995239258,-2.2534217834472656,0.09615898132324219,-2.1966514587402344,1.5531661454407197,0.19952770995369404,1.520459675133017
C0119,false,arith,28 + 64 = 89,-0.6519851684570312,1.1772956848144531,1.8292808532714844,28.079729080200195,18.184783935546875,-9.89494514465332,-1.5834579467773438,0.8294887542724609,-1.5148258209228516,1.5092016224050382,0.19013314982222362,1.471682984557957
C0092,false,arith,62 + 146 = 201,-0.7721843719482422,1.0374889373779297,1.8096733093261719,28.63865852355957,19.216472625732422,-9.422185897827148,-1.5717525482177734,0.6895751953125,-1.521047592163086,1.4418301204692292,0.1922522370598341,1.4138112754139482
C0120,false,arith,49 + 138 = 193,-0.49750328063964844,1.1480293273925781,1.6455326080322266,28.410707473754883,18.802366256713867,-9.608341217041016,-1.4961814880371094,0.8412704467773438,-1.420328140258789,1.6069027149767077,0.18641920501476122,1.5608061822139643
C0133,false,arith,40 + 49 = 90,-1.3290252685546875,0.19168663024902344,1.520711898803711,28.664854049682617,20.380247116088867,-8.28460693359375,-2.0452194213867188,-0.13623428344726562,-1.958993911743164,1.4709597875806952,0.21563644892517286,1.4142590346561041
C0016,true,arith,108 + 57 = 165,-0.5131893157958984,1.2083511352539062,1.7215404510498047,28.151535034179688,18.54653549194336,-9.604999542236328,-1.4690074920654297,0.8617057800292969,-1.4084701538085938,1.5552109889062835,0.20135765907401315,1.5200463558476063
C0116,false,arith,109 + 106 = 221,-0.6109600067138672,0.9978675842285156,1.6088275909423828,28.523591995239258,19.363235473632812,-9.160356521606445,-1.5194110870361328,0.6440200805664062,-1.4482288360595703,1.564666522029333,0.21994122033600913,1.520421724527528
C0195,false,fact,The Sun orbits the Earth,2.2772960662841797,2.629945755004883,0.3526496887207031,25.47504234313965,19.70917320251465,-5.765869140625,1.083211898803711,2.473743438720703,1.2409076690673828,4.386034939693872,0.44293904483747093,3.9388609443452864
C0066,true,arith,36 + 64 = 100,-0.7834186553955078,1.2081127166748047,1.9915313720703125,28.94074058532715,19.35203742980957,-9.588703155517578,-1.4302330017089844,0.8582592010498047,-1.3550949096679688,1.324782403824789,0.17567060229701878,1.2870536022127386
C0197,false,fact,Gold is a gas,0.08369064331054688,0.9470424652099609,0.8633518218994141,30.326147079467773,24.399309158325195,-5.926837921142578,-0.5920009613037109,0.7589588165283203,-0.4852161407470703,1.7826376078383723,0.21785284273547703,1.6589512752819537
C0182,false,fact,Water boils at 1000°C at sea level,0.5741405487060547,1.9822444915771484,1.4081039428710938,28.738117218017578,22.731021881103516,-6.0070953369140625,0.36306190490722656,1.689401626586914,0.4474029541015625,1.1499027432367268,0.20796963638432406,1.0900058516604085
C0085,false,arith,130 + 28 = 159,-0.5191974639892578,0.9977378845214844,1.5169353485107422,28.529504776000977,18.69267463684082,-9.836830139160156,-1.6961650848388672,0.6703872680664062,-1.6196918487548828,1.775885156875738,0.2157973421718045,1.7254721737785597
C0139,false,arith,48 + 18 = 59,-0.5967330932617188,1.2188758850097656,1.8156089782714844,28.87565040588379,18.42908477783203,-10.446565628051758,-1.6553974151611328,0.8768196105957031,-1.5661430358886719,1.5830904862055128,0.18839754512544357,1.5339310139068938
C0156,true,fact,The Nile is a river in Africa,2.3900909423828125,2.6633853912353516,0.27329444885253906,27.18638801574707,20.76496124267578,-6.421426773071289,0.9706954956054688,2.499086380004883,1.1165637969970703,6.193649021181561,0.601179467494853,5.659908573821405
C0127,false,arith,124 + 55 = 183,-0.8995742797851562,0.9346084594726562,1.8341827392578125,28.682422637939453,18.951539993286133,-9.73088264465332,-1.7644805908203125,0.5758857727050781,-1.7184009552001953,1.4715486044673682,0.1955763071419658,1.446425897425232
C0074,false,arith,29 + 40 = 65,-1.1774559020996094,0.8285121917724609,2.0059680938720703,29.566654205322266,19.79754066467285,-9.769113540649414,-1.8286666870117188,0.4651527404785156,-1.756704330444336,1.324636661421216,0.18113919777884482,1.288762533219867
C0037,true,arith,59 + 198 = 257,-0.6847114562988281,0.8610782623291016,1.5457897186279297,28.96674156188965,19.631933212280273,-9.334808349609375,-1.6862201690673828,0.5283489227294922,-1.6068744659423828,1.6478945361711368,0.21524877257881223,1.5965643311834696
C0161,true,fact,A minute has 60 seconds,0.043148040771484375,2.317483901977539,2.2743358612060547,28.83483123779297,18.845867156982422,-9.988964080810547,-0.390655517578125,1.9853324890136719,-0.31262779235839844,1.1907385649363011,0.14604325536498863,1.1564306482601998
C0009,true,arith,9 + 8 = 17,-0.5762672424316406,1.1000041961669922,1.6762714385986328,28.904075622558594,19.316679000854492,-9.587396621704102,-1.474905014038086,0.8050575256347656,-1.375112533569336,1.5360932310328623,0.17595400347499968,1.4765608198905613
C0039,true,arith,60 + 26 = 86,-0.6298847198486328,0.9576034545898438,1.5874881744384766,27.876502990722656,17.933521270751953,-9.942981719970703,-1.8563804626464844,0.6132678985595703,-1.7853317260742188,1.772601498736635,0.21690590303267687,1.7278460556937936
C0103,false,arith,31 + 64 = 93,-0.9989795684814453,0.7169189453125,1.7158985137939453,28.601503372192383,19.430343627929688,-9.171159744262695,-1.7908039093017578,0.3682899475097656,-1.7335739135742188,1.4614633875225789,0.2031757676809782,1.4281106016395722
C0198,false,fact,A kilogram is 100 grams,-0.2565326690673828,1.6427154541015625,1.8992481231689453,30.65489387512207,20.60567283630371,-10.04922103881836,-1.0874500274658203,1.2986679077148438,-1.0069637298583984,1.4374980542363418,0.1811493412522985,1.395120074958348
C0025,true,arith,98 + 25 = 123,-0.9903469085693359,0.7262840270996094,1.7166309356689453,29.50111961364746,20.40350341796875,-9.097616195678711,-1.7613334655761719,0.3829021453857422,-1.7124004364013672,1.4491277309449129,0.20003244412000323,1.4206224604420623
C0186,false,fact,The Nile is a river in Europe,1.4239959716796875,2.0633296966552734,0.6393337249755859,27.184532165527344,21.731285095214844,-5.4532470703125,0.6477947235107422,1.8279743194580078,0.7209339141845703,2.214078372290756,0.3681260161995257,2.0996792911588775
C0051,true,arith,119 + 98 = 217,-0.8509254455566406,0.8256378173828125,1.6765632629394531,29.0587158203125,19.91581916809082,-9.14289665222168,-1.6856803894042969,0.4902000427246094,-1.6120719909667969,1.4978964780512445,0.20007463009185417,1.4539921410872785
C0052,true,arith,70 + 164 = 234,-1.1029510498046875,0.6446495056152344,1.7476005554199219,29.25617790222168,20.086774826049805,-9.169403076171875,-1.849691390991211,0.3026599884033203,-1.7810611724853516,1.4272946348469735,0.19569089523992464,1.3880235220672177
C0105,false,arith,151 + 142 = 291,-0.7687397003173828,0.9375762939453125,1.7063159942626953,28.93632698059082,19.224365234375,-9.71196174621582,-1.6822395324707031,0.5802650451660156,-1.6282405853271484,1.5353638102349538,0.20940508673699224,1.503717299667673
C0196,false,fact,Ice is liquid water,2.367494583129883,2.5088672637939453,0.1413726806640625,26.9910888671875,22.274934768676758,-4.716154098510742,1.2480239868164062,2.368997573852539,1.4224128723144531,8.918577981651376,0.9893685914732866,7.685037776578521
C0144,true,fact,Canberra is the capital of Australia,0.9546775817871094,1.0495643615722656,0.09488677978515625,30.269603729248047,24.868181228637695,-5.401422500610352,-0.31664466857910156,0.8459892272949219,-0.226165771484375,14.39830746964702,2.145453083541047,13.44476159845622
C0007,true,arith,140 + 23 = 163,-0.9568233489990234,0.9707527160644531,1.9275760650634766,29.344953536987305,19.22705841064453,-10.117895126342773,-1.8133926391601562,0.6090087890625,-1.768646240234375,1.4443763884010072,0.1876677831595925,1.4211625709352318
C0151,true,fact,The Earth has one moon,1.933624267578125,1.8864498138427734,-0.04717445373535156,25.819734573364258,21.182479858398438,-4.63725471496582,0.6695194244384766,1.7557525634765625,0.8226394653320312,-25.796385396029596,-2.770509036509926,-22.55055998059273
C0154,true,fact,A week has 7 days,0.93487548828125,2.414705276489258,1.4798297882080078,28.870935440063477,20.05611801147461,-8.814817428588867,0.06341552734375,2.142345428466797,0.169830322265625,1.5888920252056757,0.18404809133641895,1.51698186650375
C0038,true,arith,75 + 21 = 96,-1.2022323608398438,0.720977783203125,1.9232101440429688,29.176647186279297,19.213008880615234,-9.963638305664062,-2.010244369506836,0.34082794189453125,-1.9593048095703125,1.4201371395475229,0.19766422431063277,1.3936504032466013
C0128,false,arith,16 + 43 = 63,-1.0838775634765625,1.2531204223632812,2.3369979858398438,30.04886817932129,19.855743408203125,-10.193124771118164,-1.5537910461425781,0.8671703338623047,-1.519266128540039,1.2010756900576205,0.16514780536375953,1.1863024990614237
C0101,false,arith,172 + 167 = 342,-0.6356372833251953,1.1263370513916016,1.7619743347167969,28.66519546508789,18.606063842773438,-10.059131622314453,-1.6524639129638672,0.7575054168701172,-1.6035537719726562,1.577095028913748,0.20932860783171786,1.549336315277847
C0008,true,arith,152 + 109 = 261,-0.42127037048339844,1.3481101989746094,1.7693805694580078,28.518619537353516,18.697429656982422,-9.821189880371094,-1.3650932312011719,1.0040264129638672,-1.2942657470703125,1.5334199306861853,0.1944656745700226,1.4933903941616855
C0194,false,fact,The Sun is a planet,1.3287391662597656,2.0348033905029297,0.7060642242431641,27.132150650024414,21.089649200439453,-6.042501449584961,0.43495941162109375,1.8262825012207031,0.5189971923828125,2.2658618351563153,0.29532850146279793,2.146838978769845
C0152,true,fact,Water boils at 100°C at sea level,0.6549015045166016,2.147947311401367,1.4930458068847656,28.634471893310547,22.483938217163086,-6.150533676147461,0.4834938049316406,1.8633766174316406,0.5762519836425781,1.1148040460611202,0.19059743020442368,1.0526772323470273
C0076,false,arith,99 + 98 = 203,-0.7926998138427734,0.8552627563476562,1.6479625701904297,28.66422462463379,19.980180740356445,-8.684043884277344,-1.5393924713134766,0.5160942077636719,-1.4624061584472656,1.4531004957135765,0.20581083255112517,1.4063844390149616
C0044,true,arith,54 + 172 = 226,-0.9336891174316406,1.1898250579833984,2.123514175415039,28.808799743652344,18.900300979614258,-9.908498764038086,-1.5472278594970703,0.8147544860839844,-1.4999160766601562,1.2889261344090224,0.1766272983914067,1.266646187618619
C0060,true,arith,55 + 146 = 201,-0.9427204132080078,0.5078773498535156,1.4505977630615234,29.024938583374023,20.594392776489258,-8.430545806884766,-1.7740039825439453,0.15123939514160156,-1.7219619750976562,1.5730627679871036,0.24585585597431267,1.5371865183667728
C0033,true,arith,159 + 93 = 252,-0.7754325866699219,0.9245128631591797,1.6999454498291016,28.842750549316406,19.274410247802734,-9.568340301513672,-1.7018489837646484,0.5893688201904297,-1.6243343353271484,1.5449683089465376,0.19714988089908567,1.4993699937504277
C0042,true,arith,94 + 42 = 136,-1.1325531005859375,0.8082427978515625,1.9407958984375,29.22242546081543,19.240718841552734,-9.981706619262695,-1.9282093048095703,0.45993614196777344,-1.8806781768798828,1.4099638735140574,0.17946588621925907,1.3854733395182086
C0087,false,arith,40 + 96 = 132,-1.461700439453125,0.3115215301513672,1.7732219696044922,29.722373962402344,20.220775604248047,-9.501598358154297,-2.2781238555908203,-0.014593124389648438,-2.206449508666992,1.4604180582760287,0.183910790713784,1.4199976551046114
C0058,true,arith,81 + 103 = 184,-0.9881706237792969,0.7290992736816406,1.7172698974609375,28.99561309814453,19.78681182861328,-9.20880126953125,-1.7818737030029297,0.3873710632324219,-1.7339496612548828,1.462188896688377,0.19899505078059054,1.434281785628604
C0050,true,arith,63 + 42 = 105,-0.7699699401855469,0.9901790618896484,1.7601490020751953,28.291866302490234,18.793832778930664,-9.49803352355957,-1.6287651062011719,0.6606292724609375,-1.5636863708496094,1.4879104922385067,0.18722834773656977,1.450937068241541
C0111,false,arith,55 + 139 = 189,-0.8897228240966797,0.48748016357421875,1.3772029876708984,29.17867088317871,20.94485092163086,-8.233819961547852,-1.7364730834960938,0.16546249389648438,-1.6769485473632812,1.6148333012488039,0.23382004872232018,1.5716119775472923
C0180,false,fact,Rio de Janeiro is the capital of Brazil,0.9794025421142578,2.147085189819336,1.1676826477050781,29.396631240844727,21.834918975830078,-7.561712265014648,0.15439987182617188,1.897439956665039,0.27841949462890625,1.7065298708596182,0.2137954466009585,1.6003198290760239
C0170,true,fact,The Great Wall is in China,2.7672386169433594,2.3893585205078125,-0.3778800964355469,24.326766967773438,19.099828720092773,-5.226938247680664,0.9922389984130859,2.300596237182617,1.171152114868164,-3.697256180660011,-0.23489536538830394,-3.2237908721065223
C0022,true,arith,40 + 56 = 96,-1.3547706604003906,0.41490936279296875,1.7696800231933594,29.03431510925293,19.558185577392578,-9.476129531860352,-2.175596237182617,0.053234100341796875,-2.1204872131347656,1.4638271133902838,0.20437325262819808,1.4326864420115064
C0069,true,arith,192 + 150 = 342,-0.849822998046875,1.0526161193847656,1.9024391174316406,29.539697647094727,19.739093780517578,-9.800603866577148,-1.6164302825927734,0.6781997680664062,-1.5819587707519531,1.402960219605264,0.1968085852985585,1.3848405796520242
C0013,true,arith,144 + 51 = 195,-1.1353912353515625,0.8334197998046875,1.96881103515625,29.140409469604492,18.9409122467041,-10.19949722290039,-1.9607276916503906,0.4621925354003906,-1.9198722839355469,1.4192055212822023,0.18855403478314783,1.398454211488979
C0079,false,arith,175 + 138 = 312,-0.8180027008056641,0.97113037109375,1.789133071899414,29.05715560913086,19.35068130493164,-9.706474304199219,-1.6883563995361328,0.5948276519775391,-1.6562004089355469,1.4864667208943083,0.2103268476931753,1.4684937757257033
C0114,false,arith,49 + 25 = 68,-1.028818130493164,0.8568115234375,1.885629653930664,29.271045684814453,19.179813385009766,-10.091232299804688,-1.9282512664794922,0.4822845458984375,-1.8583698272705078,1.4769935252722755,0.19862170535892204,1.4399335230267052
C0135,false,arith,16 + 192 = 210,-0.5939693450927734,1.3374710083007812,1.9314403533935547,28.93341827392578,19.454753875732422,-9.47866439819336,-1.2716426849365234,0.9827327728271484,-1.2127437591552734,1.350864233862088,0.18366512579606983,1.3203694139326172
C0191,false,fact,A minute has 100 seconds,-0.41635704040527344,2.124919891357422,2.5412769317626953,29.37724494934082,19.775409698486328,-9.601835250854492,-0.4684429168701172,1.7545166015625,-0.41753387451171875,1.0204959466691084,0.14575479168183397,1.0004630877067102
C0125,false,arith,4 + 24 = 26,-1.032989501953125,1.4729022979736328,2.505891799926758,29.917190551757812,19.63614273071289,-10.281047821044922,-1.3208770751953125,1.078369140625,-1.2879505157470703,1.1148842792217133,0.15744221572542128,1.1017446219351519
C0045,true,arith,69 + 180 = 249,-0.6192741394042969,0.9751968383789062,1.5944709777832031,28.381893157958984,19.369770050048828,-9.012123107910156,-1.4951286315917969,0.6648712158203125,-1.4040050506591797,1.5493072651627706,0.1946260715199973,1.4921575382613086
C0059,true,arith,69 + 17 = 86,-0.4186210632324219,1.2910823822021484,1.7097034454345703,28.193918228149414,17.945390701293945,-10.248527526855469,-1.6070613861083984,0.9356441497802734,-1.5389766693115234,1.6951148902749624,0.20789466931882455,1.6552923602457448
C0168,true,fact,A kilogram is 1000 grams,-0.20362091064453125,1.6827354431152344,1.8863563537597656,30.662670135498047,20.54869842529297,-10.113971710205078,-1.074951171875,1.3267707824707031,-0.9884204864501953,1.4619118012849421,0.18870488597504131,1.416039935530448
C0029,true,arith,118 + 138 = 256,-0.2223834991455078,1.6904621124267578,1.9128456115722656,28.355751037597656,18.57845687866211,-9.777294158935547,-1.000619888305664,1.3158912658691406,-0.9407577514648438,1.406847465604129,0.19581865064883008,1.375552657241829
C0061,true,arith,184 + 81 = 265,-0.6687889099121094,1.3681716918945312,2.0369606018066406,28.17913818359375,18.07684898376465,-10.102289199829102,-1.4295330047607422,1.0151844024658203,-1.3734512329101562,1.3734702056455614,0.17329117171713387,1.3459381209303023
C0192,false,fact,A triangle has four sides,2.6229000091552734,3.030061721801758,0.4071617126464844,24.265701293945312,17.72353172302246,-6.542169570922852,1.2797412872314453,2.8975772857666016,1.4755630493164062,4.2988335597507845,0.3253853000421605,3.817890101653628
C0049,true,arith,137 + 187 = 324,-0.3180370330810547,1.3235816955566406,1.6416187286376953,28.504667282104492,18.967397689819336,-9.537269592285156,-1.305135726928711,0.9705772399902344,-1.2441844940185547,1.6012959505321949,0.21503437394342387,1.5641672117776504
C0117,false,arith,187 + 14 = 195,-0.6538505554199219,1.098794937133789,1.752645492553711,28.84326171875,19.176477432250977,-9.666784286499023,-1.5433883666992188,0.7354927062988281,-1.4895248413085938,1.5075400673202806,0.20728791554166925,1.4768073688827075
C0084,false,arith,129 + 196 = 321,-0.6529960632324219,1.028411865234375,1.6814079284667969,28.921659469604492,19.47258949279785,-9.44906997680664,-1.5565605163574219,0.6672286987304688,-1.5058403015136719,1.5373856265498411,0.21480995800540417,1.5072203026061153
C0147,true,fact,Madrid is the capital of Spain,1.9781074523925781,2.4009323120117188,0.4228248596191406,28.324365615844727,21.105743408203125,-7.218622207641602,0.5306777954101562,2.244495391845703,0.7108860015869141,4.423236888876859,0.3699804224068711,3.997036295233713
C0093,false,arith,22 + 188 = 217,-0.49480247497558594,1.2921676635742188,1.7869701385498047,28.50745391845703,18.892932891845703,-9.614521026611328,-1.3578567504882812,0.9559230804443359,-1.2939529418945312,1.4829707317958303,0.18816463458239893,1.447209748881135
C0123,false,arith,20 + 114 = 143,-0.7687644958496094,1.2001628875732422,1.9689273834228516,29.4884033203125,19.705467224121094,-9.782936096191406,-1.4744319915771484,0.8436813354492188,-1.4309368133544922,1.3584019916980292,0.18105368188048843,1.3363111931298042
C0188,false,fact,The lungs pump blood through the body,2.7315673828125,2.6695499420166016,-0.06201744079589844,25.21048927307129,19.81432342529297,-5.39616584777832,1.2061805725097656,2.488069534301758,1.4198589324951172,-23.59609411041058,-2.9262801783792094,-20.150638166999848
C0083,false,arith,185 + 185 = 369,-0.7332553863525391,0.7627449035644531,1.4960002899169922,29.571826934814453,19.993913650512695,-9.577913284301758,-1.8213005065917969,0.4328784942626953,-1.7437400817871094,1.72730274691299,0.22049889396750114,1.6754575532138691
C0004,true,arith,58 + 36 = 94,-0.8698520660400391,0.6116409301757812,1.4814929962158203,28.365026473999023,19.008544921875,-9.356481552124023,-1.9754581451416016,0.28249168395996094,-1.896749496459961,1.7462783029859836,0.22217401436022088,1.6931503780597865
C0094,false,arith,18 + 195 = 222,-1.0161323547363281,0.8933315277099609,1.909463882446289,29.39623260498047,20.386995315551758,-9.009237289428711,-1.5607166290283203,0.5495147705078125,-1.5009956359863281,1.2852027101943944,0.18005931422052943,1.2539263956272493
C0023,true,arith,196 + 87 = 283,-0.2833118438720703,1.4572257995605469,1.7405376434326172,28.101978302001953,18.780616760253906,-9.321361541748047,-1.1522159576416016,1.1339035034179688,-1.0718441009521484,1.4992159273590395,0.18576001350073365,1.4530394732083858
C0121,false,arith,36 + 109 = 141,-0.8988151550292969,0.8605079650878906,1.7593231201171875,29.54414939880371,20.014848709106445,-9.529300689697266,-1.7235469818115234,0.5335178375244141,-1.65887451171875,1.4687779165474115,0.1858613257703883,1.4320180573985897
C0200,false,fact,The Great Wall is in India,1.8418502807617188,1.9988174438476562,0.1569671630859375,25.04379653930664,20.160888671875,-4.882907867431641,0.6986923217773438,1.8279533386230469,0.8253269195556641,8.28278409643239,1.0885340721298726,7.476025566248663
C0110,false,arith,61 + 72 = 140,-0.8465309143066406,0.9174613952636719,1.7639923095703125,28.548372268676758,19.3502197265625,-9.198152542114258,-1.5937309265136719,0.5706996917724609,-1.536703109741211,1.4235846200423856,0.19657778642792267,1.3912557847843952
C0080,false,arith,197 + 165 = 364,-0.7572002410888672,1.0941944122314453,1.8513946533203125,29.071090698242188,19.856279373168945,-9.214811325073242,-1.4347457885742188,0.7160987854003906,-1.3960456848144531,1.3659649477059004,0.20422205830235798,1.3450617309388213
C0137,false,arith,129 + 136 = 261,-0.3424072265625,1.5404644012451172,1.8828716278076172,27.987234115600586,18.595983505249023,-9.391250610351562,-1.0440711975097656,1.1847267150878906,-0.9791831970214844,1.372656298275773,0.18893358469235702,1.3381940441688185
C0115,false,arith,169 + 111 = 283,-0.4505786895751953,1.4075050354003906,1.858083724975586,28.695032119750977,18.611282348632812,-10.083749771118164,-1.396566390991211,1.063009262084961,-1.3160457611083984,1.509120062083556,0.18540379461100773,1.4657847544219649
C0096,false,arith,169 + 122 = 300,-0.49571800231933594,1.3979606628417969,1.8936786651611328,28.854759216308594,18.872053146362305,-9.982706069946289,-1.3492679595947266,1.0129356384277344,-1.3035850524902344,1.4507364279793278,0.20332120306234786,1.4266125320169656
C0132,false,arith,170 + 184 = 361,-0.8495044708251953,0.8384418487548828,1.6879463195800781,29.0820255279541,19.680891036987305,-9.401134490966797,-1.736532211303711,0.4839973449707031,-1.6865291595458984,1.5255070793360226,0.20998564923104737,1.495883476276032
C0086,false,arith,164 + 130 = 291,-0.4434528350830078,1.4418468475341797,1.8852996826171875,28.0311336517334,18.225133895874023,-9.805999755859375,-1.2797584533691406,1.10211181640625,-1.208181381225586,1.4435929343207479,0.18020213670025495,1.4056270486827729
C0032,true,arith,76 + 161 = 237,-0.7011528015136719,0.9404525756835938,1.6416053771972656,28.759672164916992,19.06732177734375,-9.692350387573242,-1.7105293273925781,0.6153106689453125,-1.6247215270996094,1.6148716006292743,0.19806337823612657,1.562600938334375
C0177,false,fact,Barcelona is the capital of Spain,0.7905921936035156,1.8075675964355469,1.0169754028320312,29.988115310668945,22.063858032226562,-7.924257278442383,-0.23211288452148438,1.5585708618164062,-0.13368606567382812,2.0056340352746123,0.24484046902781006,1.9088501616690547
C0148,true,fact,Lisbon is the capital of Portugal,1.6147212982177734,2.4380359649658203,0.8233146667480469,29.128530502319336,21.390108108520508,-7.738422393798828,0.4094219207763672,2.2260589599609375,0.5655593872070312,2.463959560203311,0.2574677866995325,2.2743146130928937
C0046,true,arith,175 + 166 = 341,-0.7562160491943359,0.937103271484375,1.693319320678711,29.043376922607422,19.15241813659668,-9.890958786010742,-1.7770442962646484,0.5741539001464844,-1.7230472564697266,1.6028563157604245,0.2143419536442863,1.5709680362519387
C0100,false,arith,183 + 80 = 267,-0.5529403686523438,1.2207393646240234,1.7736797332763672,28.109050750732422,18.45158576965332,-9.657464981079102,-1.4386253356933594,0.8988208770751953,-1.365142822265625,1.4993488680196878,0.18149752827934476,1.4579194531996873
C0047,true,arith,19 + 156 = 175,-0.5562934875488281,1.3756179809570312,1.9319114685058594,29.03573989868164,19.49989128112793,-9.535848617553711,-1.2412147521972656,1.0283870697021484,-1.1929397583007812,1.3545303580490444,0.1797343806460403,1.3295421561135694
C0143,true,fact,Tokyo is the capital of Japan,1.7006111145019531,1.7000274658203125,-0.000583648681640625,28.529808044433594,22.945951461791992,-5.583856582641602,0.26680946350097656,1.5219345092773438,0.4073925018310547,-2455.6176470588234,-305.1372549019608,-2214.748366013072
C0006,true,arith,174 + 190 = 364,-0.836639404296875,0.8843288421630859,1.720968246459961,29.14275550842285,19.69405746459961,-9.448698043823242,-1.6833343505859375,0.5300636291503906,-1.633504867553711,1.4919875471442996,0.20585226586337102,1.4630332168510323
C0124,false,arith,26 + 13 = 48,-0.8325843811035156,1.087545394897461,1.9201297760009766,29.037269592285156,18.470840454101562,-10.566429138183594,-1.828460693359375,0.721923828125,-1.7627506256103516,1.5186505228464062,0.19041502889139875,1.484428842327563
C0056,true,arith,199 + 15 = 214,-0.5119094848632812,1.0570602416992188,1.5689697265625,29.111042022705078,20.0654354095459,-9.04560661315918,-1.4138736724853516,0.7230987548828125,-1.3361835479736328,1.5748767311133587,0.21285400295650822,1.5253600813039758
C0167,true,fact,Gold is a metal,2.2649078369140625,2.149534225463867,-0.11537361145019531,26.589807510375977,21.073497772216797,-5.51630973815918,0.6958732604980469,2.0572738647460938,0.8835620880126953,-12.599596620873216,-0.7996660549852039,-10.972804972804973
C0171,false,fact,Paris is the capital of Germany,0.09908103942871094,0.9257717132568359,0.826690673828125,30.17888069152832,24.38528823852539,-5.79359245300293,-0.5672740936279297,0.6540489196777344,-0.5190906524658203,1.8060513492561556,0.328687382332312,1.7477666211377312
C0075,false,arith,175 + 109 = 277,-0.5677356719970703,1.108438491821289,1.6761741638183594,28.959020614624023,19.574838638305664,-9.38418197631836,-1.4599037170410156,0.7783470153808594,-1.3812713623046875,1.5322645249534022,0.19693149051317824,1.4853527204203925
C0048,true,arith,163 + 44 = 207,-0.4534645080566406,1.318084716796875,1.7715492248535156,28.09482765197754,17.88804054260254,-10.206787109375,-1.5329341888427734,0.97222900390625,-1.4653854370117188,1.6093365432029647,0.19522783112008804,1.5712067803471568
C0107,false,arith,19 + 182 = 193,-0.9218292236328125,1.0558815002441406,1.9777107238769531,29.587116241455078,20.318443298339844,-9.268672943115234,-1.4690208435058594,0.7048015594482422,-1.4320793151855469,1.2766793006008352,0.17751834813721803,1.258000366480533
C0005,true,arith,189 + 27 = 216,-0.5205421447753906,1.2095470428466797,1.7300891876220703,28.72872543334961,18.794986724853516,-9.933738708496094,-1.5354881286621094,0.8690433502197266,-1.4613475799560547,1.5866437355647058,0.196812797318825,1.5437901363187865
C0141,true,fact,Paris is the capital of France,2.2105579376220703,2.4454307556152344,0.23487281799316406,27.56367301940918,20.69730567932129,-6.866367340087891,0.6707630157470703,2.3045272827148438,0.8550491333007812,7.555866851820271,0.599913919815496,6.771245970066834
C0020,true,arith,179 + 109 = 288,-0.23607635498046875,1.236745834350586,1.4728221893310547,28.29490852355957,18.979612350463867,-9.315296173095703,-1.321481704711914,0.9089775085449219,-1.2336006164550781,1.736956136045471,0.22254439685929372,1.6772876377749835
C0089,false,arith,154 + 83 = 244,-0.7472915649414062,1.0389842987060547,1.786275863647461,28.667924880981445,18.88762092590332,-9.780303955078125,-1.639251708984375,0.6969890594482422,-1.56768798828125,1.4993406461987586,0.1914571238506689,1.4592775617897265
C0010,true,arith,24 + 56 = 80,-1.0011920928955078,1.1877593994140625,2.1889514923095703,29.061603546142578,18.746410369873047,-10.315193176269531,-1.7022781372070312,0.7766551971435547,-1.654012680053711,1.3202839563940292,0.1878087311275913,1.298234378172268
C0015,true,arith,180 + 140 = 320,-0.6889991760253906,0.8061027526855469,1.4951019287109375,28.98310661315918,19.831449508666992,-9.151657104492188,-1.6787166595458984,0.46742820739746094,-1.6177444458007812,1.6619732504618148,0.22652271312370514,1.6211919414592326
C0002,true,arith,7 + 190 = 197,-0.7765560150146484,0.9481391906738281,1.7246952056884766,29.76593017578125,20.518068313598633,-9.247861862182617,-1.5615482330322266,0.6148185729980469,-1.5071086883544922,1.4551483737117592,0.19326349176156252,1.4235836401297448
C0072,false,arith,36 + 131 = 174,-0.7785491943359375,0.9848041534423828,1.7633533477783203,28.681333541870117,19.165456771850586,-9.515876770019531,-1.6162452697753906,0.6651649475097656,-1.551980972290039,1.4750585448429159,0.1812678135867302,1.43861417731651
C0165,true,fact,The Earth orbits the Sun,2.380138397216797,2.5737876892089844,0.1936492919921875,24.852596282958984,19.842849731445312,-5.009746551513672,1.2353057861328125,2.451486587524414,1.410879135131836,6.911886376172091,0.6315597667638484,6.005230084311717
C0091,false,arith,79 + 62 = 133,-0.8856372833251953,0.5616626739501953,1.4472999572753906,28.947973251342773,19.746177673339844,-9.20179557800293,-1.949258804321289,0.2415313720703125,-1.8671913146972656,1.734900540588981,0.22119208963603154,1.6781966837198636
C0129,false,arith,1 + 100 = 100,-1.000753402709961,1.187530517578125,2.188283920288086,31.38300323486328,22.505216598510742,-8.877786636352539,-1.1690902709960938,0.8216361999511719,-1.1632003784179688,1.0769264293017202,0.16720605321579268,1.074234871536515
C0057,true,arith,59 + 9 = 68,-0.8284206390380859,0.5642108917236328,1.3926315307617188,29.369077682495117,19.8466796875,-9.522397994995117,-2.026021957397461,0.21277809143066406,-1.9443836212158203,1.85995562494864,0.25235160380201055,1.8013339907415016
C0158,true,fact,The heart pumps blood through the body,3.109701156616211,3.0004444122314453,-0.10925674438476562,24.549718856811523,18.845964431762695,-5.703754425048828,1.464193344116211,2.868989944458008,1.6951789855957031,-14.060926643622778,-1.2031702803673057,-11.946772109912363
C0193,false,fact,A square has three sides,2.120563507080078,3.019094467163086,0.8985309600830078,25.592025756835938,18.023405075073242,-7.568620681762695,0.9707546234130859,2.8026580810546875,1.1056060791015625,2.2796541630137828,0.24087805064435808,2.129574241809934
C0162,true,fact,A triangle has three sides,2.6809024810791016,3.2474212646484375,0.5665187835693359,24.296215057373047,17.512828826904297,-6.78338623046875,1.4212207794189453,3.113687515258789,1.6084098815917969,3.2235479885125193,0.23606233944629804,2.8931280490473674
C0082,false,arith,41 + 117 = 149,-0.7000865936279297,1.076730728149414,1.7768173217773438,28.85037612915039,19.189523696899414,-9.660852432250977,-1.5622692108154297,0.7439346313476562,-1.5020942687988281,1.4852398761652448,0.1872989939499594,1.4513731745752305
C0017,true,arith,115 + 151 = 266,-0.8238143920898438,1.2181625366210938,2.0419769287109375,28.903039932250977,19.245107650756836,-9.65793228149414,-1.4359569549560547,0.8337039947509766,-1.385843276977539,1.2997793727535625,0.18827761296638096,1.2752376273136905
C0099,false,arith,139 + 194 = 330,-0.6989688873291016,0.9744415283203125,1.673410415649414,29.239212036132812,20.211992263793945,-9.027219772338867,-1.4751968383789062,0.6097965240478516,-1.4238948822021484,1.46385987788212,0.2179053033627439,1.4332027505587857
C0043,true,arith,95 + 91 = 186,-1.0471763610839844,0.35333824157714844,1.4005146026611328,28.817537307739258,20.70349884033203,-8.114038467407227,-1.8589115142822266,0.036495208740234375,-1.7976551055908203,1.5795977790276914,0.2262332947010172,1.5358592784972347
C0001,true,arith,164 + 29 = 193,-0.5068435668945312,1.2071857452392578,1.714029312133789,28.764604568481445,18.6473445892334,-10.117259979248047,-1.603414535522461,0.8777103424072266,-1.5285625457763672,1.6397620862520794,0.1922227353404292,1.5960918939069377
C0012,true,arith,155 + 7 = 162,-0.8225879669189453,0.8990421295166016,1.7216300964355469,29.096288681030273,19.12346839904785,-9.972820281982422,-1.8604679107666016,0.5342884063720703,-1.807647705078125,1.6028472353012861,0.21186532687812282,1.5721668900878545
C0071,false,arith,103 + 93 = 194,-1.0013713836669922,0.7637538909912109,1.7651252746582031,29.04438591003418,19.736543655395508,-9.307842254638672,-1.7691802978515625,0.4111461639404297,-1.7201824188232422,1.434988340605597,0.19976357038967663,1.4072294728743486
C0109,false,arith,85 + 19 = 112,-0.9729862213134766,0.5963821411132812,1.5693683624267578,29.371889114379883,19.81572914123535,-9.556159973144531,-2.0491065979003906,0.25565147399902344,-1.9863471984863281,1.685702861323698,0.21711325095618503,1.6457126328237326
C0024,true,arith,27 + 24 = 51,-0.6575126647949219,1.3753662109375,2.032878875732422,28.890039443969727,18.670658111572266,-10.219381332397461,-1.4302330017089844,1.016134262084961,-1.3487377166748047,1.3801113515116146,0.1767109458123087,1.3400227431803298
C0014,true,arith,184 + 167 = 351,-0.8060169219970703,1.0100765228271484,1.8160934448242188,29.198383331298828,19.353445053100586,-9.844938278198242,-1.7054462432861328,0.6328525543212891,-1.6651878356933594,1.4952549792260932,0.20771176151807058,1.4730873932422839
C0065,true,arith,37 + 68 = 105,-0.42983245849609375,1.1006832122802734,1.5305156707763672,28.108396530151367,18.817140579223633,-9.291255950927734,-1.4695606231689453,0.7873058319091797,-1.3736629486083984,1.6793319300974165,0.20475280740649351,1.6166748293622755
C0126,false,arith,43 + 105 = 155,-0.9896678924560547,0.6783409118652344,1.668008804321289,29.974241256713867,20.363224029541016,-9.611017227172852,-1.912942886352539,0.333984375,-1.8651657104492188,1.5535192569155316,0.20644767340143189,1.524876017275822
C0164,true,fact,The Sun is a star,2.0398120880126953,2.152364730834961,0.11255264282226562,27.29628562927246,21.414020538330078,-5.882265090942383,0.6234169006347656,2.0097312927246094,0.7745628356933594,13.584290798169802,1.2672597864768684,12.241399762752076
C0199,false,fact,A meter is 10 centimeters,0.002902984619140625,1.8184928894042969,1.8155899047851562,29.344694137573242,19.347002029418945,-9.997692108154297,-0.9180889129638672,1.5324745178222656,-0.8203296661376953,1.507268681741206,0.15753467830384119,1.4534243380551575
C0185,false,fact,The Atlantic Ocean is larger than the Pacific Ocean,0.8301658630371094,0.8789863586425781,0.04882049560546875,27.054931640625,22.89385986328125,-4.16107177734375,-0.20341110229492188,0.6855525970458984,-0.08364295959472656,22.170964213158307,3.9621425222691045,19.717729332708235
C0088,false,arith,139 + 136 = 266,-0.4853172302246094,1.4609909057617188,1.9463081359863281,28.289331436157227,18.436288833618164,-9.853042602539062,-1.267141342163086,1.1006793975830078,-1.200754165649414,1.401695958354648,0.1851256240040924,1.3675866745849283
C0054,true,arith,57 + 176 = 233,-0.8154220581054688,0.9576835632324219,1.7731056213378906,29.127124786376953,19.754779815673828,-9.372344970703125,-1.6039810180664062,0.6132736206054688,-1.5301704406738281,1.4447332129971666,0.19424107536644084,1.4031053615571127
C0157,true,fact,The Sahara is a desert in Africa,1.9741249084472656,2.1187477111816406,0.144622802734375,27.545143127441406,21.403486251831055,-6.141656875610352,0.5080585479736328,1.942312240600586,0.6465873718261719,11.1371729267778,1.219969930365056,10.179309981008652
C0070,true,arith,110 + 150 = 260,-0.7846565246582031,1.1077404022216797,1.8923969268798828,29.06076431274414,19.916732788085938,-9.144031524658203,-1.3767929077148438,0.7316741943359375,-1.3231029510498047,1.3129028454051308,0.19872480373649035,1.2845314419736313
C0040,true,arith,98 + 72 = 170,-0.5946807861328125,1.1897449493408203,1.7844257354736328,28.18215560913086,19.237049102783203,-8.945106506347656,-1.2811832427978516,0.8486671447753906,-1.2240486145019531,1.3847189843867744,0.19114149599220995,1.3527004883742557
C0190,false,fact,An hour has 100 minutes,-0.15660476684570312,1.9273815155029297,2.083986282348633,29.803085327148438,20.437870025634766,-9.365215301513672,-0.6001529693603516,1.5762252807617188,-0.5143203735351562,1.2128364309647826,0.16850218147571547,1.1716496935317209
C0028,true,arith,12 + 187 = 199,-1.1249351501464844,0.9304141998291016,2.055349349975586,29.45610809326172,20.053232192993164,-9.402875900268555,-1.6406002044677734,0.5668983459472656,-1.6023845672607422,1.2508892487437302,0.17686329279553079,1.2322959924647015
C0030,true,arith,32 + 97 = 129,-0.9805641174316406,0.9727458953857422,1.9533100128173828,29.272830963134766,19.43064308166504,-9.842187881469727,-1.733957290649414,0.6255168914794922,-1.680124282836914,1.3857007685795388,0.17776441098841222,1.3581408792331195
C0163,true,fact,A square has four sides,2.1653194427490234,2.8334407806396484,0.668121337890625,25.642366409301758,18.524072647094727,-7.118293762207031,0.9239482879638672,2.6343135833740234,1.0725173950195312,2.8580025578952175,0.2980404695564792,2.6356341067921254
C0035,true,arith,181 + 18 = 199,-1.08221435546875,0.7536582946777344,1.8358726501464844,29.33293914794922,19.282854080200195,-10.050085067749023,-1.9801216125488281,0.39017486572265625,-1.9284515380859375,1.4890901648371058,0.19798945690817701,1.460945470563912
C0027,true,arith,155 + 68 = 223,-0.6949195861816406,0.9861564636230469,1.6810760498046875,28.498933792114258,18.761707305908203,-9.737226486206055,-1.736001968383789,0.6553592681884766,-1.6509456634521484,1.6192952319575933,0.19677705566800702,1.5686988862767879
C0176,false,fact,Milan is the capital of Italy,1.3430233001708984,2.111705780029297,0.7686824798583984,29.012731552124023,21.600040435791016,-7.412691116333008,0.19500350952148438,1.89776611328125,0.32409095764160156,2.493490252127113,0.2783199466019538,2.325556870656136
C0142,true,fact,Berlin is the capital of Germany,1.7547492980957031,2.2886829376220703,0.5339336395263672,28.76544189453125,21.668262481689453,-7.097179412841797,0.4470233917236328,2.075502395629883,0.5608234405517578,3.449229285369818,0.3992641148838123,3.236094093271652
C0178,false,fact,Porto is the capital of Portugal,1.5169868469238281,2.135316848754883,0.6183300018310547,29.438579559326172,22.32218360900879,-7.116395950317383,0.2699756622314453,1.929229736328125,0.4095745086669922,3.01674054469235,0.3332963172035548,2.790972999818004
C0136,false,arith,15 + 13 = 35,-1.089111328125,0.9314365386962891,2.020547866821289,29.967483520507812,20.44567108154297,-9.521812438964844,-1.6412296295166016,0.5705299377441406,-1.5783214569091797,1.2732517801026857,0.17861818909537838,1.2421175646552742
C0078,false,arith,3 + 175 = 172,-0.8950862884521484,1.1691226959228516,2.064208984375,29.93791961669922,20.44655990600586,-9.49135971069336,-1.4380302429199219,0.8110618591308594,-1.4084815979003906,1.2630276094027202,0.17346152424600828,1.2487128548196333
C0140,false,arith,173 + 61 = 238,-0.9016246795654297,0.8844051361083984,1.7860298156738281,28.665719985961914,18.814064025878906,-9.851655960083008,-1.8211860656738281,0.5272617340087891,-1.7646007537841797,1.514863401516883,0.19996497200964553,1.48318122499717
C0113,false,arith,63 + 122 = 190,-0.5884799957275391,1.245534896850586,1.834014892578125,28.128767013549805,18.49751853942871,-9.631248474121094,-1.4142074584960938,0.9085006713867188,-1.3546562194824219,1.4502294207697555,0.18376853253906186,1.4177589979533087
C0041,true,arith,117 + 163 = 280,-0.4841785430908203,1.5896720886230469,2.073850631713867,28.27298927307129,18.783756256103516,-9.489233016967773,-1.0383243560791016,1.201507568359375,-0.9868125915527344,1.2672062319793616,0.18717091497707614,1.2423675267521694
C0073,false,arith,24 + 194 = 210,-0.4059562683105469,1.6508827209472656,2.0568389892578125,28.86097526550293,19.21795654296875,-9.64301872253418,-1.0201473236083984,1.2887821197509766,-0.9559688568115234,1.2986092049526325,0.1760471301290088,1.2674067301201066
C0095,false,arith,197 + 33 = 225,-0.4198131561279297,1.5005970001220703,1.92041015625,28.36959457397461,18.933290481567383,-9.436304092407227,-1.1081867218017578,1.1311225891113281,-1.056365966796875,1.3584513253241801,0.1923934893846936,1.3314671132087466
C0063,true,arith,128 + 102 = 230,-0.4267005920410156,1.4652175903320312,1.8919181823730469,28.21711540222168,18.34786605834961,-9.86924934387207,-1.2482223510742188,1.094573974609375,-1.1928462982177734,1.434226895585285,0.1959089030254761,1.4049571029629704
C0018,true,arith,72 + 2 = 74,-1.2841472625732422,0.6053619384765625,1.8895092010498047,29.76612091064453,20.08559226989746,-9.68052864074707,-2.0259475708007812,0.21181869506835938,-1.9812393188476562,1.3925888838304663,0.20827802436185644,1.3689275796524898
C0090,false,arith,5 + 29 = 37,-0.7694625854492188,1.0409374237060547,1.8104000091552734,29.817306518554688,20.103713989257812,-9.713592529296875,-1.5900020599365234,0.6921825408935547,-1.5203533172607422,1.4532365611675873,0.1926396824176044,1.4147650950144917
C0179,false,fact,Alexandria is the capital of Egypt,1.81683349609375,1.9746360778808594,0.15780258178710938,27.378768920898438,23.131118774414062,-4.247650146484375,0.8415260314941406,1.7829017639160156,0.9358539581298828,7.180554548311456,1.2150264703749365,6.582795464984166
C0181,false,fact,The Earth has two moons,2.4285011291503906,2.2834339141845703,-0.1450672149658203,24.80496597290039,20.22127914428711,-4.583686828613281,1.0581741333007812,2.150501251220703,1.227865219116211,-8.446152227934313,-0.9163522095270652,-7.276411112718093
C0130,false,arith,117 + 74 = 196,-0.8062362670898438,1.3092803955078125,2.1155166625976562,28.48758316040039,18.545238494873047,-9.942344665527344,-1.4571952819824219,0.9219799041748047,-1.4169960021972656,1.307706871990912,0.18307607696052797,1.2887047622482284
C0055,true,arith,84 + 197 = 281,-0.6925926208496094,1.0560474395751953,1.7486400604248047,28.420087814331055,19.20404624938965,-9.216041564941406,-1.5149707794189453,0.7092399597167969,-1.4513664245605469,1.4702958471450964,0.19832982653625528,1.4339222352749972
C0138,false,arith,15 + 131 = 139,-0.9316005706787109,1.0982646942138672,2.029865264892578,29.94502067565918,20.034414291381836,-9.910606384277344,-1.591970443725586,0.7491168975830078,-1.5495853424072266,1.3253269487725443,0.17200540482638216,1.304446202620852
C0173,false,fact,Tokyo is the capital of China,-0.5577316284179688,0.18271255493164062,0.7404441833496094,30.72661781311035,26.17782974243164,-4.548788070678711,-0.9930171966552734,-0.10352516174316406,-0.9879264831542969,1.5878708726809994,0.38657568404403847,1.580995656945024
C0026,true,arith,92 + 89 = 181,-0.5332851409912109,0.9490108489990234,1.4822959899902344,28.123762130737305,19.23638343811035,-8.887378692626953,-1.5098114013671875,0.6443634033203125,-1.4360828399658203,1.6587930257993952,0.20552403011001738,1.6090535932574148
C0189,false,fact,Humans can breathe normally without oxygen,0.7938938140869141,1.5754318237304688,0.7815380096435547,27.824464797973633,22.977426528930664,-4.847038269042969,0.3154563903808594,1.3410015106201172,0.42791748046875,1.6121742228817013,0.2999602197432099,1.4682770755898094
C0160,true,fact,An hour has 60 minutes,0.42133522033691406,2.222768783569336,1.8014335632324219,29.027433395385742,19.387636184692383,-9.63979721069336,-0.395294189453125,1.9084129333496094,-0.28072357177734375,1.4533219689349581,0.1745031605027158,1.3897222781030631
C0175,false,fact,Toronto is the capital of Canada,0.6863765716552734,0.9530277252197266,0.2666511535644531,29.381113052368164,23.21994400024414,-6.161169052124023,-0.6060333251953125,0.7238883972167969,-0.5489540100097656,5.8468190726885165,0.8593224703509249,5.632759187994449
C0003,true,arith,71 + 63 = 134,-1.2885150909423828,0.3808860778808594,1.6694011688232422,29.304414749145508,20.088729858398438,-9.21568489074707,-2.1056270599365234,0.03696441650390625,-2.044696807861328,1.489464116986405,0.20601498776916688,1.452965848497624
C0019,true,arith,195 + 41 = 236,-0.8206882476806641,1.0483283996582031,1.8690166473388672,28.970714569091797,19.157299041748047,-9.81341552734375,-1.6326408386230469,0.6780529022216797,-1.5870075225830078,1.4344276933533218,0.19811246623390275,1.4100120113929644
C0183,false,fact,A year has 10 months,1.3687305450439453,2.4770679473876953,1.10833740234375,27.65119171142578,19.599571228027344,-8.051620483398438,0.33068275451660156,2.2244510650634766,0.4580364227294922,1.9365810341979184,0.2279241698331406,1.8216758907428823
C0118,false,arith,16 + 104 = 122,-1.0753650665283203,1.250375747680664,2.3257408142089844,29.372255325317383,18.906280517578125,-10.465974807739258,-1.6402816772460938,0.8738975524902344,-1.6103057861328125,1.2428974919588833,0.16187452741524638,1.2300087423053772
C0077,false,arith,136 + 65 = 210,-0.5666027069091797,1.1887664794921875,1.7553691864013672,28.048852920532227,18.69455909729004,-9.354293823242188,-1.4167957305908203,0.8419723510742188,-1.3344230651855469,1.4843385826001636,0.1975619323299856,1.4374124624179225
C0166,true,fact,Ice is solid water,1.7676811218261719,1.9242706298828125,0.15658950805664062,28.19278907775879,23.881685256958008,-4.311103820800781,0.7885322570800781,1.7873115539550781,0.9408626556396484,7.252965967502253,0.8746376282004433,6.280165168457209
C0184,false,fact,A week has 8 days,0.7593994140625,2.315675735473633,1.5562763214111328,28.639427185058594,19.877925872802734,-8.76150131225586,-0.0290374755859375,2.017772674560547,0.05895233154296875,1.5066175452271438,0.19142041603702248,1.4500788663830664
C0034,true,arith,148 + 50 = 198,-1.2432937622070312,0.3804645538330078,1.623758316040039,29.44460678100586,19.720355987548828,-9.724250793457031,-2.245960235595703,0.04054832458496094,-2.197765350341797,1.6174973599728422,0.20933917682837297,1.5878162893493257
C0102,false,arith,113 + 133 = 252,-0.4960784912109375,1.4981422424316406,1.9942207336425781,28.516084671020508,18.478195190429688,-10.03788948059082,-1.248739242553711,1.1095924377441406,-1.2030773162841797,1.3774209838687155,0.19483791244000742,1.3545238564348197
C0068,true,arith,138 + 68 = 206,-0.13639450073242188,1.4588375091552734,1.5952320098876953,27.472517013549805,17.634592056274414,-9.83792495727539,-1.3251819610595703,1.1405811309814453,-1.2220878601074219,1.7452128925189003,0.19950475930848044,1.6805864931530763
C0062,true,arith,55 + 168 = 223,-0.9415550231933594,0.7068920135498047,1.648447036743164,28.971696853637695,19.931442260742188,-9.040254592895508,-1.7760562896728516,0.3595714569091797,-1.7081584930419922,1.5062348063837196,0.2106956116265804,1.4650458599890541
C0187,false,fact,The Sahara is a desert in South America,1.5306568145751953,1.7084178924560547,0.17776107788085938,27.695926666259766,22.098628997802734,-5.597297668457031,0.23799514770507812,1.5280342102050781,0.3682136535644531,8.271904976501641,1.0147535354835941,7.539357067748235
C0172,false,fact,Berlin is the capital of France,0.05055809020996094,1.0308399200439453,0.9802818298339844,31.154800415039062,24.834341049194336,-6.320459365844727,-0.6035194396972656,0.7504405975341797,-0.5735969543457031,1.6672341667477382,0.28603949800564255,1.6367097966728281
C0053,true,arith,177 + 143 = 320,-0.6557483673095703,1.0994758605957031,1.7552242279052734,28.73807144165039,19.231666564941406,-9.506404876708984,-1.4861068725585938,0.711151123046875,-1.4597511291503906,1.4730783064907855,0.2212393900306767,1.4580627073501238
C0067,true,arith,191 + 144 = 335,-0.7246742248535156,0.9680557250976562,1.6927299499511719,29.349267959594727,20.036375045776367,-9.31289291381836,-1.5402412414550781,0.5975894927978516,-1.5101757049560547,1.4818057461706093,0.2188572561798715,1.4640441791233134
C0081,false,arith,29 + 76 = 110,-0.4856891632080078,1.3640022277832031,1.849691390991211,28.81363868713379,19.219741821289062,-9.593896865844727,-1.2847766876220703,1.036529541015625,-1.1941471099853516,1.4320112686397097,0.1770417964653511,1.3830141342646873
C0134,false,arith,56 + 15 = 80,-0.7359504699707031,0.8240222930908203,1.5599727630615234,28.590991973876953,18.92905616760254,-9.661935806274414,-1.8590431213378906,0.46370887756347656,-1.792196273803711,1.7199437566865352,0.23097417086963168,1.6770924652300168
C0145,true,fact,Ottawa is the capital of Canada,1.0204811096191406,1.1075057983398438,0.08702468872070312,28.935129165649414,23.300718307495117,-5.634410858154297,-0.3052349090576172,0.9143543243408203,-0.23749351501464844,16.23379213606277,2.219502038311489,15.455376320519003
C0150,true,fact,Brasília is the capital of Brazil,1.146902084350586,1.5539073944091797,0.40700531005859375,29.257299423217773,24.041353225708008,-5.215946197509766,0.17548751831054688,1.3397140502929688,0.28612518310546875,3.3867368361857273,0.5262667066564193,3.114903368511819
C0169,true,fact,A meter is 100 centimeters,0.08129310607910156,1.8208789825439453,1.7395858764648438,29.501604080200195,20.103002548217773,-9.398601531982422,-0.7507114410400391,1.5300426483154297,-0.6483497619628906,1.478277363811395,0.16718710939384504,1.419434807969791
C0108,false,arith,59 + 18 = 69,-0.6329364776611328,0.9397392272949219,1.5726757049560547,29.522600173950195,19.873125076293945,-9.64947509765625,-1.6919498443603516,0.6057891845703125,-1.6087226867675781,1.6733831796103258,0.21234513998799323,1.6204624424675727
C0021,true,arith,88 + 72 = 160,-0.6779804229736328,1.2077350616455078,1.8857154846191406,27.986669540405273,18.5825138092041,-9.404155731201172,-1.4285659790039062,0.8525924682617188,-1.3774700164794922,1.3980375417990851,0.1883330737221567,1.3709412152635188
C0159,true,fact,Humans need oxygen to breathe,1.9967460632324219,2.609729766845703,0.6129837036132812,26.726051330566406,20.68438148498535,-6.041669845581055,1.0033035278320312,2.4186859130859375,1.1966781616210938,2.6206671230319247,0.31166220673346196,2.305202563942996
C0011,true,arith,60 + 130 = 190,-0.9523601531982422,0.7943572998046875,1.7467174530029297,28.719112396240234,19.878644943237305,-8.84046745300293,-1.629404067993164,0.47464752197265625,-1.5677108764648438,1.3876092917208553,0.18303462719880145,1.3522897891749466
C0153,true,fact,A year has 12 months,1.7814064025878906,2.500507354736328,0.7191009521484375,27.37210464477539,20.008169174194336,-7.363935470581055,0.5487613677978516,2.292726516723633,0.7027988433837891,2.714147410189488,0.2889452967513315,2.4999389946315276
C0149,true,fact,Cairo is the capital of Egypt,1.7313213348388672,2.002370834350586,0.27104949951171875,28.57927894592285,23.003154754638672,-5.57612419128418,0.5079345703125,1.8074073791503906,0.6290664672851562,5.513517887803642,0.7192909618036986,5.066618346609621
C0064,true,arith,165 + 118 = 283,-0.38605308532714844,1.4428024291992188,1.8288555145263672,28.256425857543945,18.266008377075195,-9.99041748046875,-1.3567848205566406,1.104757308959961,-1.2753238677978516,1.5307864549818688,0.1848397085249263,1.4862444164710324
C0146,true,fact,Rome is the capital of Italy,1.5676250457763672,2.2306270599365234,0.6630020141601562,27.340015411376953,20.539627075195312,-6.800388336181641,0.4540748596191406,2.042970657348633,0.5791797637939453,2.6795577726378292,0.28304047134095117,2.490863166131575
C0031,true,arith,21 + 142 = 163,-1.1891632080078125,0.8252525329589844,2.014415740966797,30.015169143676758,20.413352966308594,-9.601816177368164,-1.7697219848632812,0.4595222473144531,-1.736043930053711,1.288202065268233,0.18155650703414528,1.271483542808015
